English,Hindi,Marathi,Sanskrit
Medicine,दवा,औषध,औषध
Doctor,डॉक्टर,डॉक्टर,वैद्य
Hospital,अस्पताल,रुग्णालय,आश्रयशाला
Nurse,नर्स,नर्स,सेविका
Patient,मरीज़,रुग्ण,रोगी
Pharmacy,फार्मेसी,फार्मसी,औषधालय
Surgery,सर्जरी,शस्त्रक्रिया,शस्त्रक्रिया
Treatment,उपचार,उपचार,चिकित्सा
Diagnosis,निदान,निदान,निदान
Prescription,नुस्खा,नुस्खा,आदेशपत्र
Injection,इंजेक्शन,इंजेक्शन,सुई
Vaccine,टीका,लस,प्रतिरक्षण
Pain,दर्द,दुख,वेदना
Fever,बुखार,ताप,ज्वर
Infection,संक्रमण,संक्रमण,संक्रांति
Blood,खून,रक्त,रक्त
Heart,हृदय,हृदय,हृदय
Lung,फेफड़ा,फुफ्फुस,प्राणपिंड
Kidney,किडनी,मूत्रपिंड,वृक्क
Liver,जिगर,यकृत,यकृत
Allergy,एलर्जी,अॅलर्जी,अलिंगी
Antibiotic,एंटीबायोटिक,अँटीबायोटिक,प्रतिजैवाणु
Painkiller,दर्द निवारक,दुखनिवारक,वेदनानिवारक
Blood Pressure,रक्तचाप,रक्तदाब,रक्तस्यम
Diabetes,मधुमेह,मधुमेह,मधुमेह
Cholesterol,कोलेस्ट्रॉल,कोलेस्ट्रॉल,स्तरीक
Anemia,रक्ताल्पता,रक्ताल्पता,रक्तहानि
Vitamin,विटामिन,व्हिटॅमिन,विटामिन
Mineral,खनिज,खनिज,अयस्क
Calcium,कैल्शियम,कॅल्शियम,स्निग्धधातु
Iron,लोह,लोह,लौह
Sodium,सोडियम,सोडियम,सोडियम
Potassium,पोटेशियम,पोटॅशियम,पोटाश
Hydration,हाइड्रेशन,हायड्रेशन,जलंकरण
Dehydration,निर्जलीकरण,निर्जलीकरण,शुष्कता
Nutrition,पोषण,पोषण,आहार
Diet,आहार,आहार,आहार
Exercise,व्यायाम,व्यायाम,व्यायाम
Weight,वजन,वजन,भार
BMI,बीएमआई,बीएमआय,शरीर सूचकांक
Obesity,मोटापा,अतिवजन,स्थूलता
Sleep,नींद,झोप,निद्रा
Stress,तनाव,तणाव,मानसिकदबाव
Mental Health,मानसिक स्वास्थ्य,मानसिक आरोग्य,मानसिकस्वास्थ्य
Depression,अवसाद,निराशा,अवसाद
Anxiety,चिंता,चिंता,चिंता
Blood Test,रक्त परीक्षण,रक्त तपासणी,रक्तपरीक्षण
X-ray,एक्स-रे,एक्स-रे,अस्थिपरीक्षण
MRI,एमआरआई,एमआरआय,स्नायुपरीक्षण
CT Scan,सीटी स्कैन,सीटी स्कॅन,कंप्यूटरीकृत तपास
Ultrasound,अल्ट्रासाउंड,अल्ट्रासाऊंड,अध्वनितापरीक्षण
Heart Attack,हृदयाघात,हृदयविकार,हृदयाघात
Stroke,स्ट्रोक,स्ट्रोक,स्मृतिाघात
Fracture,हड्डी टूटना,हाड तुटणे,अस्थिभंग
Burn,जलना,सुरना,दाह
Wound,घाव,जखम,चोट
Injury,चोट,जखम,पीडा
Blood Sugar,रक्त शर्करा,रक्तसाखर,रक्तमधु
Cholesterol Test,कोलेस्ट्रॉल परीक्षण,कोलेस्ट्रॉल तपासणी,स्तरीकपरीक्षण
Heart Rate,हृदय गति,हृदय गती,हृदयकंपी
Vaccination,टीकाकरण,लस देणे,प्रतिरक्षण
Immunization,टीकाकरण,प्रतिकारशक्ती,रोगप्रतिरोध
Flu,इन्फ्लुएंजा,फ्लू,ज्वर
Cold,सर्दी,थंडी,शीत
Cough,खांसी,खोकला,कस
Sore Throat,गला दर्द,घसा दुखणे,कण्ठशूल
Headache,सिरदर्द,डोकेदुखी,शिरःशूल
Migraine,माइग्रेन,मायग्रेन,मस्तिष्कपीडा
Dizziness,चक्कर,चक्कर येणे,सिरफिरा
Nausea,मतली,अजीर्ण,विक्षेप
Vomiting,उल्टी,उलटी,अवमूत्र
Diarrhea,दस्त,दस्त,प्रस्रव
Constipation,कब्ज़,कोवळ,जठरकष्ट
Dehydration,निर्जलीकरण,निर्जलीकरण,शुष्कता
Fatigue,थकान,थकवा,स्लथ
Weakness,कमज़ोरी,कमजोरी,दौर्बल्य
Fainting,बेहोशी,बेहोशी,स्लथ
Seizure,मिर्गी का दौरा,स्फोट,अपस्मार
Allergy,एलर्जी,अॅलर्जी,अलिंगी
Asthma,दमा,दमा,अस्थमा
Bronchitis,ब्रोंकाइटिस,ब्रॉन्कायटिस,ब्रोंकाइटिस
Pneumonia,न्यूमोनिया,न्यूमोनिया,न्युमोनिया
Tuberculosis,क्षय रोग,क्षयरोग,क्षयरोग
Cancer,कैंसर,कॅन्सर,कर्करोग
Diabetes,मधुमेह,मधुमेह,मधुमेह
Hypertension,उच्च रक्तचाप,उच्च रक्तदाब,उच्चरक्तदाब
Hypotension,निम्न रक्तचाप,कमी रक्तदाब,निम्नरक्तदाब
Cholesterol,कोलेस्ट्रॉल,कोलेस्ट्रॉल,स्तरीक
Triglycerides,ट्राइग्लिसराइड,ट्रायग्लिसराइड,त्रिस्निग्ध
Heart Disease,हृदय रोग,हृदयरोग,हृदयव्याधि
Kidney Disease,किडनी रोग,मूत्रपिंड रोग,वृक्कव्याधि
Liver Disease,यकृत रोग,यकृत रोग,यकृतव्याधि
Eye,आंख,डोळा,नेत्र
Ear,कान,कान,कर्ण
Nose,नाक,नाक,नासिका
Mouth,मुंह,मुख,मुख
Teeth,दांत,दात,दन्त
Gum,मसूड़े,मसूडे,मज्जा
Tongue,जीभ,जिभ,जिव्हा
Skin,त्वचा,त्वचा,त्वचा
Hair,बाल,केस,केश
Nail,नाखून,नख,नख
Bone,हड्डी,हाड,अस्थि
Muscle,मांसपेशी,स्नायु
Joint,जोड़,संधी,संधि
Ligament,स्नायुबंध,स्नायुबंधन,स्नायुबंधन
Tendon,स्नायु,स्नायु,स्नायु
Brain,मस्तिष्क,मेंदू,मस्तिष्क
Spine,रीढ़ की हड्डी,कणखर,स्तंभ
Nerve,तंत्रिका,स्नायु,तंत्रिका
Blood Vessel,रक्त वाहिका,रक्तवाहिनी,रक्तवाहिनी
Artery,धमनी,धमनी,धमनी
Vein,शिरा,शिरा,शिरा
Capillary,केशिका,केशिका,केशिका
Lymph,लसीका,लसी,लस
Lymph Node,लसिका ग्रंथि,लसिका ग्रंथी,लसिकाग्रन्थि
Immune System,प्रतिरक्षा तंत्र,प्रतिकारक प्रणाली,प्रतिरक्षा
White Blood Cell,सफेद रक्त कोशिका,पांढरी रक्त पेशी,श्वेतकण
Red Blood Cell,लाल रक्त कोशिका,लाल रक्त पेशी,रक्तकण
Platelet,थक्का कोशिका,थक्का पेशी,रक्तकण
Antibody,प्रतिरक्षा,अँटीबॉडी,प्रतिप्रतिकारक
Antigen,एंटीजन,एँटीजन,प्रतिप्रतिकारक
Hormone,हार्मोन,हार्मोन,हॉर्मोन
Insulin,इंसुलिन,इन्सुलिन,इन्सुलिन
Glucose,ग्लूकोज़,साखर,शर्करा
Metabolism,चयापचय,चय,आवर्तन
Enzyme,एंजाइम,एन्झाइम,एन्जाइम
Protein,प्रोटीन,प्रथिन,प्रोटीन
Carbohydrate,कार्बोहाइड्रेट,कार्बोहायड्रेट,साथ्य
Fat,वसा,स्निग्ध,स्निग्ध
Cholesterol,कोलेस्ट्रॉल,कोलेस्ट्रॉल,स्तरीक
Triglyceride,ट्राइग्लिसराइड,त्रिस्निग्ध,त्रिस्निग्ध
Vitamin A,विटामिन ए,व्हिटॅमिन ए,विटामिन A
Vitamin B,विटामिन बी,व्हिटॅमिन बी,विटामिन B
Vitamin C,विटामिन सी,व्हिटॅमिन सी,विटामिन C
Vitamin D,विटामिन डी,व्हिटॅमिन डी,विटामिन D
Vitamin E,विटामिन ई,व्हिटॅमिन ई,विटामिन E
Vitamin K,विटामिन के,व्हिटॅमिन के,विटामिन K
Mineral,खनिज,खनिज,अयस्क
Calcium,कैल्शियम,कॅल्शियम,स्निग्धधातु
Iron,लोह,लोह,लौह
Magnesium,मैग्नीशियम,मॅग्नेशियम,मैग्नेशियम
Potassium,पोटेशियम,पोटॅशियम,पोटाश
Sodium,सोडियम,सोडियम,सोडियम
Zinc,जिंक,झिंक,ताम्र
Copper,तांबा,तांबे,ताम्र
Manganese,मैंगनीज,मैंगनीज,मङ्गनीस
Iodine,आयोडीन,आयोडीन,आयोडीन
Selenium,सेलेनियम,सेलेनियम,सेलेनियम
Fluoride,फ्लोराइड,फ्लोराइड,फ्लोर
Water,पानी,पाणी,जल
Oxygen,ऑक्सीजन,ऑक्सिजन,ऑक्सीजन
Carbon Dioxide,कार्बन डाइऑक्साइड,कार्बन डायऑक्साइड,कार्बन डाइऑक्साइड
Nitrogen,नाइट्रोजन,नायट्रोजन,नाइट्रोजन
Respiration,श्वसन,श्वसन,श्वास
Inhalation,सांस लेना,श्वास घेणे,प्रश्वास
Exhalation,सांस छोड़ना,श्वास सोडणे,प्रत्यश्वास
Lung Capacity,फेफड़े की क्षमता,फुफ्फुस क्षमता,प्राणपिंड क्षमता
Asthma,दमा,दमा,अस्थमा
Allergy,एलर्जी,अॅलर्जी,अलिंगी
Bronchitis,ब्रोंकाइटिस,ब्रॉन्कायटिस,ब्रोंकाइटिस
Pneumonia,न्युमोनिया,न्यूमोनिया,न्युमोनिया
Tuberculosis,क्षय रोग,क्षयरोग,क्षयरोग
Heart,हृदय,हृदय,हृदय
Cardiologist,हृदय विशेषज्ञ,हृदय विशेषज्ञ,हृदयरोगविशेषज्ञ
Electrocardiogram,इलेक्ट्रोकार्डियोग्राम,इलेक्ट्रोकार्डियोग्राम,इलेक्ट्रहृदयरूपरेखा
Blood Pressure,रक्तचाप,रक्तदाब,रक्तस्यम
Hypertension,उच्च रक्तचाप,उच्च रक्तदाब,उच्चरक्तदाब
Hypotension,निम्न रक्तचाप,कमी रक्तदाब,निम्नरक्तदाब
Cholesterol,कोलेस्ट्रॉल,कोलेस्ट्रॉल,स्तरीक
Triglycerides,ट्राइग्लिसराइड,त्रिस्निग्ध,त्रिस्निग्ध
Heart Attack,हृदयाघात,हृदयविकार,हृदयाघात
Stroke,स्ट्रोक,स्ट्रोक,स्मृतिाघात
Arrhythmia,अनियमित हृदय गति,अनियमित हृदय गती,असाम्य हृदयगति
Pacemaker,पेसमेकर,पेसमेकर,हृदयगतिकंत्र
Valve,वाल्व,वाल्व,वाल्व
Aorta,एओर्टा,एओर्टा,महाधमनी
Coronary Artery,कोरोनरी धमनी,कोरोनरी धमनी,हृदयधमनी
Ventricle,वेंट्रिकल,वेंट्रिकल,हृदयगह्वर
Atrium,एट्रियम,एट्रियम,हृदयकक्ष
Heart Rate,हृदय गति,हृदय गती,हृदयकंपी
Pulse,नाड़ी,नाडी,नाडी
Electrocardiogram,इलेक्ट्रोकार्डियोग्राम,इलेक्ट्रोकार्डियोग्राम,इलेक्ट्रहृदयरूपरेखा
Lipid,लिपिड,लिपिड,स्निग्ध
Fat,वसा,स्निग्ध,स्निग्ध
Obesity,मोटापा,अतिवजन,स्थूलता
Weight,वजन,वजन,भार
BMI,बीएमआई,बीएमआय,शरीर सूचकांक
Exercise,व्यायाम,व्यायाम,व्यायाम
Diet,आहार,आहार,आहार
Nutrition,पोषण,पोषण,आहार
Vitamin,विटामिन,व्हिटॅमिन,विटामिन
Mineral,खनिज,खनिज,अयस्क
Protein,प्रोटीन,प्रथिन,प्रोटीन
Carbohydrate,कार्बोहाइड्रेट,कार्बोहायड्रेट,साथ्य
Fiber,फाइबर,सांद्र,स्निग्ध
Fat,वसा,स्निग्ध,स्निग्ध
Sugar,शर्करा,साखर,शर्करा
Salt,नमक,मीठ,लवण
Water,पानी,पाणी,जल
Electrolyte,इलेक्ट्रोलाइट,इलेक्ट्रोलाइट,विद्युतपदार्थ
Sodium,सोडियम,सोडियम,सोडियम
Potassium,पोटेशियम,पोटॅशियम,पोटाश
Calcium,कैल्शियम,कॅल्शियम,स्निग्धधातु
Magnesium,मैग्नीशियम,मॅग्नेशियम,मैग्नीशियम
Chloride,क्लोराइड,क्लोराइड,क्लोर
Phosphate,फॉस्फेट,फॉस्फेट,फॉस्फेट
Iron,लोह,लोह,लौह
Zinc,जिंक,झिंक,ताम्र
Copper,तांबा,तांबे,ताम्र
Neuron,तंत्रिका कोशिका,स्नायु पेशी,स्नायु कणिका
Axon,ऐक्सॉन,अक्सॉन,अक्स
Dendrite,डेंड्राइट,डेंड्राइट,डेंड्राइट
Synapse,सिनैप्स,सिनॅप्स,सिनैप्स
Neurotransmitter,तंत्रिका संदेशवाहक,स्नायु संदेशवाहक,स्नायु संदेशवाहक
Central Nervous System,केंद्रीय तंत्रिका तंत्र,केंद्रीय स्नायु तंत्र,केंद्रीय तंत्रिका
Peripheral Nervous System,प्रत्येक तंत्रिका तंत्र,परिधीय स्नायु तंत्र,परिधीय तंत्रिका
Brain,मस्तिष्क,मेंदू,मस्तिष्क
Cerebrum,महामस्तिष्क,सर्वमस्तिष्क,सर्वमस्तिष्क
Cerebellum,छोटा मस्तिष्क,लघु मेंदू,छोटा मस्तिष्क
Medulla Oblongata,मेडुला ऑब्लॉन्गाटा,मेडुला ऑब्लॉन्गाटा,मेदुला
Spinal Cord,मेरुरज्जु,मध्यरीष,मेरुरज्जु
Gray Matter,स्नायु ग्रे मैटर,स्नायु ग्रे मटेर,स्नायु श्वेत
White Matter,स्नायु श्वेत मैटर,स्नायु पांढरी मटेर,स्नायु श्वेत
Motor Neuron,संचालक तंत्रिका कोशिका,संचालक स्नायु पेशी,संचालक तंत्रिका
Sensory Neuron,संवेदी तंत्रिका कोशिका,संवेदी स्नायु पेशी,संवेदी तंत्रिका
Reflex,रिफ्लेक्स,अप्रत्यक्ष प्रतिसाद,प्रतिक्रिया
Spinal Reflex,मेरुरज्जु रिफ्लेक्स,रीष प्रतिसाद,मेरुरज्जु प्रतिक्रिया
Cranial Nerve,सिर की तंत्रिका,मस्तकाची स्नायु,मस्तक तंत्रिका
Vagus Nerve,वागस तंत्रिका,वागस तंत्रिका,वागस तंत्रिका
Optic Nerve,ऑप्टिक तंत्रिका,दृष्टी तंत्रिका,दृष्टि तंत्रिका
Olfactory Nerve,घ्राण तंत्रिका,घ्राण तंत्रिका,घ्राण तंत्रिका
Auditory Nerve,श्रवण तंत्रिका,श्रवण तंत्रिका,श्रवण तंत्रिका
Sympathetic Nervous System,सहानुभूति तंत्रिका तंत्र,सहानुभूति स्नायु तंत्र,सहानुभूति तंत्रिका
Parasympathetic Nervous System,पैरासंपेथेटिक तंत्रिका तंत्र,पॅरासंपेथेटिक स्नायु तंत्र,पारासंपेथेटिक तंत्रिका
Neuron Firing,तंत्रिका सक्रियता,स्नायु क्रिया,स्नायु प्रज्वलन
Action Potential,क्रिया संभावना,क्रिया संभाव्यता,क्रिया संभावना
Resting Potential,विश्राम संभावना,विश्रांती संभाव्यता,विश्रांति संभावना
Myelin Sheath,माइलिन आवरण,मायलिन आवरण,मायलिन आवरण
Neuroglia,स्नायु सहायक,स्नायु सहायक,स्नायु सहायक
Astrocyte,एस्ट्रोसाइट,एस्ट्रोसाइट,एस्ट्रोसाइट
Oligodendrocyte,ओलिगोडेंड्रोसाइट,ओलिगोडेंड्रोसाइट,ओलिगोडेंड्रोसाइट
Microglia,माइक्रोग्लिया,माइक्रोग्लिया,माइक्रोग्लिया
Schwann Cell,श्वान कोशिका,श्वान पेशी,श्वान कोशिका
Brainstem,मस्तिष्क तना,मेंदू तना,मस्तिष्क तना
Hypothalamus,हाइपोथैलेमस,हायपोथॅलॅमस,हाइपोथैलेमस
Thalamus,थैलेमस,थॅलेमस,थैलेमस
Pituitary Gland,पिट्यूटरी ग्रंथि,पिट्यूटरी ग्रंथी,हाइपोफिज
Adrenal Gland,अधिवृक्क ग्रंथि,अधिवृक्क ग्रंथी,अधिवृक्क
Pancreas,अग्न्याशय,अग्न्याशय,अग्न्याशय
Thyroid,थायरॉयड,थायरॉइड,थायरॉइड
Parathyroid,पैराथायरॉइड,पॅराथायरॉइड,पैराथायरॉइड
Endocrine System,अंतःस्रावी तंत्र,अंतःस्रावी प्रणाली,अंतःस्रावी
Exocrine Gland,बहिर्स्रावी ग्रंथि,बाह्यस्रावी ग्रंथी,बहिर्स्रावी
Hormone Secretion,हार्मोन स्राव,हार्मोन स्राव,हॉर्मोन स्राव
Growth Hormone,वृद्धि हार्मोन,वाढ हार्मोन,वृद्धि हार्मोन
Thyroxine,थायरॉक्सिन,थायरॉक्सिन,थायरॉक्सिन
Insulin,इंसुलिन,इन्सुलिन,इंसुलिन
Glucagon,ग्लुकागॉन,ग्लुकागॉन,ग्लुकागॉन
Cortisol,कॉर्टिसोल,कॉर्टिसोल,कॉर्टिसोल
Adrenaline,एड्रेनालाईन,एड्रेनालाईन,अधिवृक्कस्राव
Noradrenaline,नॉरएड्रेनालाईन,नॉरएड्रेनालाईन,नॉरअधिवृक्क
Melatonin,मेलाटोनिन,मेलाटोनिन,मेलाटोनिन
Sex Hormones,लिंग हार्मोन,लैंगिक हार्मोन,लिङ्गहार्मोन
Estrogen,एस्ट्रोजन,इस्ट्रोजेन,एस्ट्रोजन
Progesterone,प्रोजेस्टेरोन,प्रोजेस्टेरॉन,प्रोजेस्टेरोन
Testosterone,टेस्टोस्टेरोन,टेस्टोस्टेरॉन,टेस्टोस्टेरोन
Reproductive System,प्रजनन तंत्र,प्रजनन प्रणाली,प्रजनन
Ovary,अंडाशय,अंडाशय,अंडाशय
Testis,अंडकोष,अंडकोष,वृषण
Uterus,गर्भाशय,गर्भाशय,गर्भाशय
Fallopian Tube,फैलोपियन ट्यूब,फॅलोपियन ट्यूब,फैलोपियन नली
Sperm,वीर्य,वीर्य,वीर्य
Egg Cell,अंडाणु कोशिका,अंडाणु पेशी,अंडाणु कणिका
Fertilization,उर्वरक,अंडग्रहण,गर्भाधान
Pregnancy,गर्भावस्था,गर्भधारणा,गर्भावस्था
Menstruation,मासिक धर्म,मासिक पाळी,मासिकधर्म
Placenta,गर्भाशय,गर्भपटल,प्लेसेंटा
Cardiovascular System,हृदय और रक्त वाहिकाएं,हृदय आणि रक्तवाहिन्या,हृदयसंस्थ
Heart,हृदय,हृदय,हृदय
Aorta,एओर्टा,एओर्टा,महाधमनी
Vena Cava,शिरा गहा,शिरा गहा,शिरा
Artery,धमनी,धमनी,धमनी
Vein,शिरा,शिरा,शिरा
Capillary,केशिका,केशिका,केशिका
Blood,रक्त,रक्त,रक्त
Plasma,रक्त प्लाज्मा,रक्त प्लाझ्मा,रक्त प्लाज्मा
Red Blood Cell,लाल रक्त कोशिका,लाल रक्त पेशी,लाल रक्त कणिका
White Blood Cell,सफेद रक्त कोशिका,पांढरी रक्त पेशी,श्वेत रक्त कणिका
Platelet,रक्त प्लेटलेट,रक्त प्लेटलेट,रक्त कण
Hemoglobin,हीमोग्लोबिन,हीमोग्लोबिन,हीमोग्लोबिन
Blood Pressure,रक्तचाप,रक्तदाब,रक्तदाब
Systolic Pressure,सिस्टोलिक दबाव,सिस्टोलिक दाब,सिस्टोलिक दबाव
Diastolic Pressure,डायस्टोलिक दबाव,डायस्टोलिक दाब,डायस्टोलिक दबाव
Pulse,नाड़ी,नाडी,नाड़ी
Electrocardiogram,इलेक्ट्रोकार्डियोग्राम,इलेक्ट्रोकार्डियोग्राम,इलेक्ट्रोकार्डियोग्राम
Arrhythmia,अतालता,अतालता,अतालता
Myocardium,हृदय मांसपेशी,हृदय पेशी,हृदयमांस
Endocardium,अंत:हृदय,अंत:हृदय,अंत:हृदय
Pericardium,हृदयावरण,हृदयावरण,हृदयावरण
Coronary Artery,कोरोनरी धमनी,कोरोनरी धमनी,कोरोनरी धमनी
Valves,वाल्व,वाल्व,वाल्व
Atrioventricular Valve,एट्रियोवेंट्रिकुलर वाल्व,एट्रियोव्हेंट्रिकुलर वाल्व,एट्रियोवेंट्रिकुलर वाल्व
Semilunar Valve,सेमिल्यूनर वाल्व,अर्धचंद्राकार वाल्व,अर्धचन्द्राकार वाल्व
Pulmonary Valve,फुफ्फुस वाल्व,फुफ्फुस वाल्व,फुफ्फुस वाल्व
Aortic Valve,एओर्टिक वाल्व,एओर्टिक वाल्व,महाधमनी वाल्व
Blood Circulation,रक्त परिसंचरण,रक्ताभिसरण,रक्तपरिसंचरण
Pulmonary Circulation,फुफ्फुस परिसंचरण,फुफ्फुस परिसंचरण,फुफ्फुस परिसंचरण
Systemic Circulation,सिस्टमिक परिसंचरण,सिस्टमिक परिसंचरण,सिस्टमिक परिसंचरण
Coronary Circulation,कोरोनरी परिसंचरण,कोरोनरी परिसंचरण,कोरोनरी परिसंचरण
Respiratory System,श्वसन तंत्र,श्वसन प्रणाली,श्वसन
Lungs,फेफड़े,फुफ्फुस,फुफ्फुस
Trachea,श्वासनली,श्वासनली,श्वासनली
Bronchi,ब्रॉन्की,ब्रॉन्की,ब्रॉन्की
Alveoli,एवियोली,अल्व्हेओली,अल्व्हेओली
Diaphragm,हृदयपटल,उदर पटल,हृदयपटल
Oxygen,ऑक्सीजन,ऑक्सिजन,ऑक्सीजन
Carbon Dioxide,कार्बन डाइऑक्साइड,कार्बन डायऑक्साइड,कार्बन डाइऑक्साइड
Inhalation,श्वास लेना,श्वास घेणे,प्रश्वसन
Exhalation,श्वास छोड़ना,श्वास सोडणे,उत्स्वसन
Respiration,श्वसन,श्वसन,श्वसन
Asthma,अस्थमा,अस्थमा,अस्थमा
Chronic Obstructive Pulmonary Disease,दीर्घकालिक रुकावट फुफ्फुस रोग,दीर्घकालीन अडथळा फुफ्फुस रोग,दीर्घकालिक श्वसनरोग
Emphysema,एम्फिसिमा,एम्फिसीमा,एम्फिसिमा
Bronchitis,ब्रॉन्काइटिस,ब्रॉन्काइटिस,ब्रॉन्काइटिस
Pneumonia,न्यूमोनिया,न्यूमोनिया,न्यूमोनिया
Influenza,इन्फ्लूएंजा,इन्फ्लूएंझा,इन्फ्लूएंजा
Cough,खाँसी,खोकला,कास
Sneeze,छींक,शिंकी,सिंक्षण
Fever,बुखार,ताप,ज्वर
Immune System,प्रतिरक्षा तंत्र,प्रतिरक्षण प्रणाली,प्रतिरक्षा
Antigen,प्रतिजन,प्रतिजन,प्रतिजन
Antibody,एंटीबॉडी,प्रतिशरीर,प्रतिशरीर
Lymph,लसिका,लसिका,लस
Lymph Node,लसिका ग्रंथि,लसिका ग्रंथी,लसिका कण
T-Cell,टी-कोशिका,टी-सेल,टी-कोशिका
B-Cell,बी-कोशिका,बी-सेल,बी-कोशिका
Macrophage,मैक्रोफेज,मैक्रोफेज,विशालभक्षी
Phagocytosis,फागोसाइटोसिस,फागोसाइटोसिस,भक्ष्यकोष
Inflammation,सूजन,सूज,सूजन
Allergy,एलर्जी,अॅलर्जी,अलर्जी
Autoimmune Disease,स्वप्रतिरक्षित रोग,स्वप्रतिरक्षक रोग,स्वप्रतिरक्षित रोग
Vaccination,टीकाकरण,लस,टीकाकरण
Digestive System,पाचन तंत्र,पचन प्रणाली,अन्ननली
Mouth,मुँह,तोंड,मुख
Teeth,दांत,दात,दन्त
Tongue,जुबान,जिभ,जिव्हा
Salivary Glands,लार ग्रंथियां,लाळ ग्रंथी,लार ग्रंथी
Esophagus,अन्ननली,अन्ननलिका,अन्ननली
Stomach,पेट,पोट,उदर
Small Intestine,छोटी आंत,लहान आतडं,लघू आत
Duodenum,ड्यूडेनम,ड्यूडेनम,ड्यूडेनम
Jejunum,जेजुनम,जेजुनम,जेजुनम
Ileum,इलियम,इलियम,इलियम
Large Intestine,बड़ी आंत,मोठं आतडं,महत आत
Cecum,सिकम,सिकम,सिकम
Colon,कोलन,कोलन,कोलन
Rectum,मलाशय,मलाशय,मलाशय
Anus,गुदा,गुदा,गुद
Liver,यकृत,यकृत,यकृत
Gallbladder,पित्ताशय,पित्ताशय,पित्ताशय
Pancreas,अग्न्याशय,अग्न्याशय,अग्न्याशय
Bile,पित्त,पित्त,पित्त
Enzyme,एंजाइम,एन्झाइम,एन्जाइम
Digestion,पाचन,पचन,पाचन
Absorption,अवशोषण,अवशोषण,अवशोषण
Metabolism,चयापचय,चय,उत्सर्जन
Nutrient,पोषक तत्व,पोषक घटक,पोषक
Protein,प्रोटीन,प्रथिने,प्रोटीन
Carbohydrate,कार्बोहाइड्रेट,कार्बोहायड्रेट,कार्बोहाइड्रेट
Fat,वसा,स्निग्ध,स्निग्ध
Vitamin,विटामिन,व्हिटॅमिन,विटामिन
Mineral,खनिज,खनिज,खनिज
Water,पानी,पाणी,जल
Fiber,रेशा,संपुट,रेश
Defecation,मल त्याग,मल सोडणे,मलत्याग
Constipation,कब्ज,कब्जी,कठिनता
Diarrhea,दस्त,स्तूल,अत्यधि
Gastroenteritis,पाचन तंत्र की सूजन,आतड्याचा संसर्ग,आमाशय शोथ
Ulcer,अल्सर,अल्सर,अल्सर
Heartburn,अम्लपित्त,अम्लपित्त,अम्लपित्त
Appendicitis,अपेंडिक्स का सूजन,अपेंडिक्स शोथ,अपेंडिक्स शोथ
Hepatitis,यकृतशोथ,यकृतशोथ,यकृतशोथ
Cirrhosis,जिगर फाइब्रोसिस,जिगर फिब्रोसिस,जिगर शोथ
Gallstones,पित्ताशय की पथरी,पित्ताशयातील दगड,पित्ताशय पथरी
Endocrine System,अंतःस्रावी तंत्र,अंतःस्रावी प्रणाली,अंतःस्रावी
Hormone,हार्मोन,स्राव,स्रव
Pituitary Gland,पिट्यूटरी ग्रंथि,पिट्यूटरी ग्रंथी,पिट्यूटरी ग्रंथी
Thyroid Gland,थायरॉइड ग्रंथि,थायरॉइड ग्रंथी,थायरॉइड ग्रंथी
Parathyroid Gland,पैराथायरॉइड ग्रंथि,पैराथायरॉइड ग्रंथी,पैराथायरॉइड ग्रंथी
Adrenal Gland,अधिवृक्क ग्रंथि,अधिवृक्क ग्रंथी,अधिवृक्क ग्रंथी
Pancreatic Islets,अग्न्याशय द्वीप,अग्न्याशयच्या बेट्या,अग्न्याशय द्वीप
Ovaries,अंडाशय,अंडीग्रंथी,अंडाशय
Testes,अंडकोष,अंडकोष,अंडकोष
Insulin,इंसुलिन,इन्सुलिन,इन्सुलिन
Glucagon,ग्लुकागन,ग्लुकागॉन,ग्लुकागन
Cortisol,कॉर्टिसोल,कॉर्टिसोल,कॉर्टिसोल
Adrenaline,एड्रेनालिन,अॅड्रेनालाईन,एड्रेनालिन
Thyroxine,थायरोक्सिन,थायरॉक्सिन,थायरोक्सिन
Endorphins,एंडॉर्फिन्स,एंडॉर्फिन्स,एंडॉर्फिन्स
Reproductive System,प्रजनन तंत्र,जनन प्रणाली,प्रजनन
Sperm,स्पर्म,स्पर्म,वीराणु
Egg,अंडाणु,अंडाणु,अंडाणु
Fertilization,उर्वरक,फर्टिलायझेशन,उर्वर
Zygote,जायगोट,जायगोट,जायगोट
Embryo,भ्रूण,भ्रूण,भ्रूण
Fetus,भ्रूण,भ्रूण,भ्रूण
Placenta,गर्भाशय,गर्भाशय,गर्भाशय
Menstruation,मासिक धर्म,मासिक पाळी,मासिक
Pregnancy,गर्भावस्था,गर्भधारणा,गर्भधारण
Labor,प्रसव,प्रसव,प्रसव
Delivery,संतानोत्पत्ति,संतानोत्पत्ति,संतानोत्पत्ति
Puberty,किशोरावस्था,किशोरावस्था,किशोरावस्था
Menopause,रजोनिवृत्ति,रजोनिवृत्ती,मासिकविराम
Contraception,गर्भनिरोध,गर्भनिरोधक,गर्भनिरोध
Sexually Transmitted Disease,यौन संचारित रोग,लैंगिक संक्रमण रोग,लैंगिक संक्रमण रोग
HIV,एचआईवी,एचआयव्ही,एचआयव्ही
AIDS,एड्स,एड्स,एड्स
Immune System,प्रतिरक्षा तंत्र,रोगप्रतिकारक प्रणाली,प्रतिरक्षा
Antibody,एंटीबॉडी,प्रतिरोधक,प्रतिरक्षा प्रोटीन
Antigen,एंटीजन,प्रतिजन,प्रतिजन
Lymph,लसिका,लसीका,लसिका
Lymph Node,लसिका ग्रंथि,लसीका ग्रंथी,लसिका ग्रंथि
Spleen,प्लीहा,प्लीहा,प्लीहा
Thymus,थाइमस,थायमस,थाइमस
Bone Marrow,अस्थि मज्जा,स्नायु मज्जा,अस्थि मज्जा
T-Cell,टी-कोशिका,टी-कोशिका,टी-कोशिका
B-Cell,बी-कोशिका,बी-कोशिका,बी-कोशिका
Macrophage,फैगोसाइट,महाकोष,महाकोष
Inflammation,सूजन,सोज,शोथ
Allergy,एलर्जी,अॅलर्जी,अलर्जी
Autoimmune Disease,स्वप्रतिरक्षित रोग,स्वप्रतिरक्षित रोग,स्वप्रतिरक्षा रोग
Vaccine,टीका,लस,टीका
Infection,संक्रमण,संक्रमण,संक्रमण
Virus,वायरस,व्हायरस,वायरस
Bacteria,बैक्टीरिया,बॅक्टेरिया,सूक्ष्मजीव
Fungus,फंगस,बुरशी,कवक
Parasite,परजीवी,परजीवी,परजीवी
Influenza,इन्फ्लूएंजा,इन्फ्लुएन्झा,इन्फ्लूएंजा
COVID-19,कोविड-19,कोविड-19,कोविड-19
Tuberculosis,क्षयरोग,क्षयरोग,क्षय
Malaria,मलेरिया,मलेरिया,मलेरिया
Hepatitis B,हेपेटाइटिस बी,हिपॅटायटिस बी,हेपेटाइटिस बी
Hepatitis C,हेपेटाइटिस सी,हिपॅटायटिस सी,हेपेटाइटिस सी
Dengue,डेंगू,डेंग्यू,डेंगू
Zika Virus,ज़िका वायरस,झिका विषाणू,झिका विषाणु
Chikungunya,चिकनगुनिया,चिकनगुनिया,चिकनगुनिया
Sepsis,सेप्सिस,सेप्सिस,सेप्सिस
Shock,शॉक,शॉक,शॉक
Fever,बुखार,ताप,ज्वर
Cough,खांसी,खोकला,कफ
Cold,सर्दी,थंडी,शीत
Headache,सिरदर्द,डोकेदुखी,शिरशूल
Migraine,माइग्रेन,मायग्रेन,माइग्रेन
Pain,दर्द,दुखणे,पीड़ा
Analgesic,दर्दनिवारक,दुख निवारक,शूलनिवारक
Antipyretic,बुखार कम करने वाली दवा,ताप कमी करणारी औषध,ज्वरनिवारक
Anti-inflammatory,सूजनरोधी,सोज कमी करणारी,शोथनिवारक
Antibiotic,एंटीबायोटिक,प्रतिजैविक,प्रतिजैविक
Antiviral,एंटीवायरल,विषाणू विरोधी,विषाणूनिवारक
Antifungal,एंटीफंगल,कवकरोधी,कवकनिवारक
Chemotherapy,रासायनिक चिकित्सा,रासायनिक उपचार,रासायनिक चिकित्सा
Radiotherapy,विकिरण चिकित्सा,किरण उपचार,विकिरण चिकित्सा
Surgery,सर्जरी,शस्त्रक्रिया,शल्य
Anesthesia,स्नायुशोथ,स्नायुशोथ,स्नायुवैद्य
General Anesthesia,सामान्य संज्ञाहरण,सामान्य संज्ञाहरण,सामान्य संज्ञाहरण
Local Anesthesia,स्थानीय संज्ञाहरण,स्थानिक संज्ञाहरण,स्थानिक संज्ञाहरण
Pain Management,दर्द प्रबंधन,दुख निवारण,पीड़ा प्रबंधन
Wound,घाव,जखम,व्रण
Burn,जलन,सुटका,दाह
Fracture,हड्डी का टूटना,हाड तुटणे,भंग
Sprain,मोड़ना,सोप,मोड
Dislocation,हड्डी का खिसकना,हाड विस्थापन,स्थानीय विस्थापन
Injury,चोट,जखम,आघात
Rehabilitation,पुनर्वास,पुनर्वसन,पुनर्वसन
Physiotherapy,भौतिक चिकित्सा,शारीरिक उपचार,शारीरिक चिकित्सा
Occupational Therapy,व्यावसायिक चिकित्सा,व्यावसायिक उपचार,कौशल चिकित्सा
Psychiatry,मनोचिकित्सा,मानसोपचार,मनोविज्ञान चिकित्सा
Psychology,मनोविज्ञान,मानसशास्त्र,मनोविज्ञान
Depression,अवसाद,निराशा,विषाद
Anxiety,चिंता,काळजी,चिंता
Stress,तनाव,ताण,तनाव
Sleep Disorder,नींद विकार,झोप समस्या,निद्रा विकार
Insomnia,अनिद्रा,निद्रानाश,अनिद्रा
Memory,स्मृति,स्मरणशक्ती,स्मृति
Cognition,संज्ञान,संज्ञान,संज्ञान
Learning,अधिगम,अधिगम,अधिगम
Attention,ध्यान,लक्ष्य,ध्यान
Behavior,व्यवहार,वर्तणूक,व्यवहार
Emotion,भावना,भाव,भाव
Personality,व्यक्तित्व,वैयक्तिकता,व्यक्तित्व
Mental Health,मानसिक स्वास्थ्य,मानसिक आरोग्य,मानसिक स्वास्थ्य
Neuroscience,तंत्रिका विज्ञान,स्नायूशास्त्र,स्नायु विज्ञान
Brain,मस्तिष्क,मेंदू,मस्तिष्क
Cerebrum,मस्तिष्क,मस्तिष्क,मस्तिष्क
Cerebellum,स्नायुशिरा,स्नायुशिरा,स्नायुशिरा
Brainstem,मस्तिष्क कंब,मेंदूचा कंब,मस्तिष्क कंब
Spinal Cord,मेरुदंड,मणक,स्पाइनल कॉर्ड
Neuron,तंत्रिका कोशिका,स्नायुकोश,नाड़ी कोशिका
Synapse,सिनैप्स,सिनॅप्स,संपर्क बिंदु
Neurotransmitter,तंत्रिका स्रावक,स्नायु स्रावक,तंत्रिका द्रव्य
Dopamine,डोपामाइन,डोपामाइन,डोपामाइन
Serotonin,सेरोटोनिन,सेरोटोनिन,सेरोटोनिन
Acetylcholine,एसेटाइलकोलाइन,एसेटाइलकोलाइन,एसेटिलकोलाइन
GABA,गामा-एमिनोब्युट्रिक एसिड,गामा-एमिनोब्युट्रिक एसिड,गामा-एमिनोब्युट्रिक अम्ल
Glutamate,ग्लूटामेट,ग्लूटामेट,ग्लूटामेट
Nervous System Disorder,तंत्रिका तंत्र विकार,स्नायु तंत्र विकार,स्नायु रोग
Epilepsy,मिर्गी,मिर्गी,अपस्मार
Parkinson’s Disease,पार्किंसन्स रोग,पार्किन्सन्स रोग,पार्किन्सन्स रोग
Alzheimer’s Disease,अल्जाइमर रोग,अल्झायमर रोग,अल्झायमर रोग
Multiple Sclerosis,मल्टीपल स्क्लेरोसिस,अनेक स्क्लेरोसिस,अनेक कडकता
Stroke,स्ट्रोक,स्ट्रोक,स्ट्रोक
Migraine Headache,माइग्रेन सिरदर्द,मायग्रेन डोकेदुखी,माइग्रेन शिरशूल
Neurodegeneration,तंत्रिका क्षय,स्नायु नाश,स्नायुक्षय
Cardiovascular System,हृदय और रक्त वाहिकाओं की प्रणाली,हृदय व रक्तवाहिन्यांचा प्रणाली,हृदयरक्त वाहिनी तंत्र
Heart,हृदय,हृदय,हृदय
Atrium,कक्ष,कक्ष,कक्ष
Ventricle,निलय,कक्ष,निलय
Valve,वाल्व,वाल्व,वाल्व
Aorta,ऐओर्टा,ऐओर्टा,ऐओर्टा
Artery,धमनी,धमनी,धमनी
Vein,शिरा,शिरा,शिरा
Capillary,केशिका,केशिका,केशिका
Blood,रक्त,रक्त,रक्त
Red Blood Cell,लाल रक्त कोशिका,लाल रक्त पेशी,लाल रक्तकण
White Blood Cell,श्वेत रक्त कोशिका,पांढरी रक्त पेशी,श्वेत रक्तकण
Platelet,थक्के,थरकटी,प्लेटलेट
Hemoglobin,हीमोग्लोबिन,हिमोग्लोबिन,हीमोग्लोबिन
Blood Pressure,रक्तचाप,रक्तदाब,रक्तचाप
Systolic,सिस्टोलिक,सिस्टोलिक,सिस्टोलिक
Diastolic,डायस्टोलिक,डायस्टोलिक,डायस्टोलिक
Hypertension,उच्च रक्तचाप,उच्च रक्तदाब,उच्च रक्तचाप
Hypotension,निम्न रक्तचाप,कमी रक्तदाब,निम्न रक्तचाप
Arrhythmia,अतालता,अतालता,अतालता
Myocardial Infarction,हृदयाघात,हृदयविकार,हृदयाघात
Stroke,स्ट्रोक,स्ट्रोक,स्ट्रोक
Angina,एंजाइना,एंजाइना,एंजाइना
Heart Failure,हृदय विफलता,हृदय अपयश,हृदय दुर्बलता
Coronary Artery Disease, कोरोनरी धमनी रोग, कोरोनरी धमनी रोग, कोरोनरी धमनी रोग
Cholesterol,कोलेस्ट्रॉल,कोलेस्ट्रॉल,कोलेस्ट्रॉल
Triglyceride,ट्राइग्लिसराइड,ट्रायग्लिसराइड,ट्राइग्लिसराइड
Atherosclerosis,धमनी कठोरता,धमनी कठोरता,धमनी कठोरता
Blood Test,रक्त परीक्षण,रक्त चाचणी,रक्त परीक्षण
ECG,ईसीजी,ईसीजी,ईसीजी
Echocardiography,इकोकार्डियोग्राफी,इकोकार्डियोग्राफी,इकोकार्डियोग्राफी
Angiography,एंजियोग्राफी,एंजियोग्राफी,एंजियोग्राफी
Heart Rate,हृदय गति,हृदय गती,हृदय गति
Pulse,नाड़ी,नाडी,नाड़ी
Respiratory System,श्वसन प्रणाली,श्वसन प्रणाली,श्वसन तंत्र
Lungs,फेफड़े,फुफ्फुस,फुफ्फुस
Trachea,श्वासनली,श्वास नळी,श्वासनली
Bronchi,ब्रॉन्की,ब्रॉन्की,ब्रॉन्की
Alveoli,एल्विओली,एल्विओली,अल्विओली
Oxygen,ऑक्सीजन,ऑक्सिजन,ऑक्सीजन
Carbon Dioxide,कार्बन डाइऑक्साइड,कार्बन डायऑक्साइड,कार्बन डाइऑक्साइड
Respiration,श्वसन,श्वसन,प्राणायन
Inhalation,श्वास लेना,श्वास घेणे,श्वास लेना
Exhalation,श्वास छोड़ना,श्वास सोडणे,श्वास त्याग
Asthma,दमा,अस्थमा,अस्थमा
Bronchitis,ब्रॉन्काइटिस,ब्रॉन्कायटिस,ब्रॉन्काइटिस
Pneumonia,निमोनिया,निमोनिया,निमोनिया
Tuberculosis,क्षयरोग,क्षयरोग,क्षय
Pulmonary Embolism,फेफड़ों में रुकावट,फुफ्फुसात अडथळा,फुफ्फुस रुकावट
Chronic Obstructive Pulmonary Disease,क्रॉनिक रुकावट वाला फेफड़ा रोग,दीर्घकालीन अडथळा असलेला फुफ्फुस रोग,दीर्घकालीन श्वसन अड़चन रोग
Respiratory Rate,श्वसन दर,श्वसन दर,श्वसन दर
Diaphragm,हृदयच्छिद्र,डायाफ्राम,विवेकसंधि
Pleura,प्लूरा,प्लूरा,प्लूरा
Gastrointestinal System,पाचन तंत्र,पचन तंत्र,आहारनलिका तंत्र
Mouth,मुंह,मुख,मुख
Esophagus,अन्ननली,अन्ननलिका,अन्ननलिका
Stomach,पेट,पोट,आमाशय
Small Intestine,छोटी आंत,लघु आतडे,लघु आतड
Large Intestine,बड़ी आंत,मोठे आतडे,महातंत
Liver,जिगर,यकृत,यकृत
Gallbladder,पित्ताशय,पित्ताशय,पित्ताशय
Pancreas,अग्न्याशय,अग्न्याशय,अग्न्याशय
Appendix,अपनिग्रही,अपेंडिक्स,अपनिग्रही
Rectum,मलाशय,मलाशय,मलाशय
Anus,गुदा,गुदा,गुद
Digestion,पाचन,पचन,जठरागमन
Absorption,अवशोषण,अवशोषण,अवशोषण
Enzyme,एंजाइम,एंजाइम,एंजाइम
Hormone,हार्मोन,हॉर्मोन,हॉर्मोन
Gastric Acid,पेट का अम्ल,पोटातील आम्ल,जठर अम्ल
Bile,पित्त,पित्त,पित्त
Constipation,कब्ज,कब्जी,वातारोचन
Diarrhea,दस्त,दस्त,दस्त
Hemorrhoid,बवासीर,हिमोरॉइड,अर्श
Ulcer,अल्सर,अल्सर,व्रण
Gastroenteritis,गैस्ट्रोएंटराइटिस,पचननलिका दाह,जठरांत्रशोथ
Food Poisoning,भोजन विषाक्तता,अन्न विषबाधा,आहार विष
Nutrition,पोषण,आहार,पोषण
Vitamins,विटामिन,व्हिटॅमिन्स,विटामिन
Minerals,खनिज,खनिज,खनिज
Protein,प्रोटीन,प्रथिने,प्रोटीन
Carbohydrate,कार्बोहाइड्रेट,कार्बोहायड्रेट,अन्नद्रव्य
Fat,वसा,चरबी,स्नेह
Fiber,रेशा,संतुलित तंतु,रेशा
Water,पानी,पाणी,जल
Electrolytes,इलेक्ट्रोलाइट्स,विद्युत खनिज,विद्युत खनिज
Malnutrition,कुपोषण,कुपोषण,अल्पपोषण
Obesity,मोटापा,लठ्ठपणा,मामत्व
Weight Loss,वजन घटाना,वजन कमी करणे,भार कमी
Weight Gain,वजन बढ़ना,वजन वाढ,भार वाढ
Diet,आहार,आहार,आहार
Calorie,कैलोरी,कॅलरी,कैलोरी
Metabolism,चयापचय,चय,चयापचय
Endocrine System,अंतःस्रावी तंत्र,अंतःस्रावी तंत्र,अन्तःस्राव तंत्र
Thyroid,थायरॉइड,थायरॉइड,थायरॉइड
Parathyroid,पैराथायरॉइड,पैराथायरॉइड,पैराथायरॉइड
Adrenal Glands,अधिवृक्क ग्रंथि,अधिवृक्क ग्रंथी,अधिवृक्क
Pituitary Gland,पिट्यूटरी ग्रंथि,पिट्यूटरी ग्रंथी,अधिप्रस्राव ग्रंथि
Pancreas,अग्न्याशय,अग्न्याशय,अग्न्याशय
Hormone,हार्मोन,हॉर्मोन,हॉर्मोन
Insulin,इंसुलिन,इन्सुलिन,इंसुलिन
Glucagon,ग्लुकागोन,ग्लुकागोन,ग्लुकागोन
Cortisol,कोर्टिसोल,कोर्टिसोल,कोर्टिसोल
Adrenaline,एड्रेनालाईन,अॅड्रेनालाईन,अॅड्रेनालाईन
Testosterone,टेस्टोस्टेरोन,टेस्टोस्टेरोन,टेस्टोस्टेरोन
Estrogen,एस्ट्रोजन,एस्ट्रोजन,एस्ट्रोजन
Progesterone,प्रोजेस्टेरोन,प्रोजेस्टेरोन,प्रोजेस्टेरोन
Diabetes,मधुमेह,मधुमेह,मधुमेह
Type 1 Diabetes,प्रकार 1 मधुमेह,प्रकार 1 मधुमेह,प्रकार 1 मधुमेह
Type 2 Diabetes,प्रकार 2 मधुमेह,प्रकार 2 मधुमेह,प्रकार 2 मधुमेह
Thyroid Disorder,थायरॉइड विकार,थायरॉइड विकार,थायरॉइड रोग
Hypothyroidism,अल्प थायरॉइड,अल्प थायरॉइड,अल्प थायरॉइड
Hyperthyroidism,अत्यधिक थायरॉइड,अत्यधिक थायरॉइड,अत्यधिक थायरॉइड
Goiter,गोलार्द्र,गोलार्द्र,गोलार्द्र
Kidney,गुर्दा,मूत्रपिंड,वृक्क
Ureter,मूत्रवाहिनी,मूत्रवाहिनी,मूत्रवाहिनी
Bladder,मूत्राशय,मूत्राशय,मूत्राशय
Urethra,मूत्रमार्ग,मूत्रमार्ग,मूत्रमार्ग
Nephron,नेफ्रॉन,नेफ्रॉन,नेफ्रॉन
Urine,मूत्र,मूत्र,मूत्र
Filtration,छानना,छानणे,शोध
Reabsorption,पुनःशोषण,पुनःअवशोषण,पुनःअवशोषण
Secretion,स्राव,स्राव,स्राव
Kidney Stones,गुर्दा पत्थर,मूत्रपिंडातील दगड,वृक्क पाषाण
Urinary Tract Infection,मूत्र मार्ग संक्रमण,मूत्रमार्ग संक्रमण,मूत्र मार्ग संक्रामकता
Dialysis,डायलिसिस,डायलिसिस,डायलिसिस
Renal Failure,गुर्दा विफलता,मूत्रपिंड अपयश,वृक्क दुर्बलता
Immune System,रोग प्रतिकारक प्रणाली,रोगप्रतिकारक प्रणाली,प्रतिरक्षा तंत्र
Antibody,एंटीबॉडी,प्रतिबॉडी,प्रतिरक्षाकण
Antigen,एंटीजन,प्रतिजैविक,प्रतिजैव
Lymphocyte,लसीका कोशिका,लसिका पेशी,लसीकाणु
Macrophage,मैक्रोफेज,मैक्रोफेज,महाकोष
Pathogen,रोगजनक,रोगजनक,रोगजनक
Infection,संक्रमण,संक्रमण,संक्रमण
Inflammation,सूजन,सूजन,शोथ
Allergy,एलर्जी,अलर्जी,विकर्ष
Autoimmune Disease,स्वप्रतिरक्षित रोग,स्वप्रतिरक्षित रोग,स्वप्रतिरक्षा रोग
Vaccination,टीकाकरण,लस,टीकाकरण
Antibiotic,एंटीबायोटिक,अँटीबायोटिक,जीवाणुनाशक
Virus,वायरस,व्हायरस,वायरस
Bacteria,बैक्टीरिया,बॅक्टेरिया,जीवाणु
Fungi,फफूंदी,साचे,सिंधु
Parasite,परजीवी,परजीवी,परजीवी
Influenza,इन्फ्लुएंजा,इन्फ्लूएंझा,श्वसन विषाणु
Common Cold,सर्दी,सर्दी,शीतज्वर
Pneumonia,निमोनिया,निमोनिया,निमोनिया
HIV,एचआईवी,एचआयव्ही,एचआयव्ही
AIDS,एड्स,एड्स,एड्स
Cancer,कैंसर,कॅन्सर,कर्करोग
Tumor,ट्यूमर,कर्करोग गाठ,अर्बुद
Benign Tumor,सौम्य ट्यूमर,सौम्य गाठ,सौम्य अर्बुद
Malignant Tumor,घातक ट्यूमर,घातक गाठ,दुष्ट अर्बुद
Chemotherapy,कीमोथेरेपी,कीमोथेरपी,रसायन चिकित्सा
Radiation Therapy,विकिरण चिकित्सा,किरण चिकित्सा,किरण चिकित्सा
Surgery,शल्य चिकित्सा,शस्त्रक्रिया,शस्त्रक्रिया
Diagnosis,निदान,निदान,निदान
Symptom,लक्षण,लक्षण,लक्षण
Treatment,उपचार,उपचार,उपचार
Recovery,सुधार,सुधार,उद्धार
Prevention,रोकथाम,प्रतिबंध,प्रतिषेध
Health Checkup,स्वास्थ्य जांच,आरोग्य तपासणी,स्वास्थ्य परीक्षण
Nutrition,पोषण,आहार,पोषण
Balanced Diet,संतुलित आहार,संतुलित आहार,संतुलित आहार
Calories,कैलोरी,कॅलरी,कैलोरी
Protein,प्रोटीन,प्रथिने,प्रोटीन
Carbohydrates,कार्बोहाइड्रेट,कार्बोहायड्रेट,अन्नद्रव्य
Fats,वसा,चरबी,स्नेह
Vitamins,विटामिन,व्हिटॅमिन्स,विटामिन
Minerals,खनिज,खनिज,खनिज
Fiber,रेशा,संतुलित तंतु,रेशा
Water,पानी,पाणी,जल
Exercise,व्यायाम,व्यायाम,व्यायाम
Yoga,योग,योग,योग
Meditation,ध्यान,ध्यान,ध्यान
Sleep,नींद,झोप,निद्रा
Stress,तनाव,तणाव,संताप
Mental Health,मानसिक स्वास्थ्य,मानसिक आरोग्य,मानसिक स्वास्थ्य
Depression,अवसाद,निराशा,अवसाद
Anxiety,चिंता,चिंता,चिंता
Insomnia,अनिद्रा,अनिद्रा,अनिद्रा
Obesity,मोटापा,लठ्ठपणा,मामत्व
Weight Loss,वजन घटाना,वजन कमी करणे,भार कमी
Weight Gain,वजन बढ़ना,वजन वाढ,भार वाढ
Smoking,धूम्रपान,धूम्रपान,धूम्रपान
Alcohol,शराब,दारू,मद्य
Drugs,दवाएं,औषधे,औषधि
Vaccination,टीकाकरण,लस,टीकाकरण
Hygiene,स्वच्छता,स्वच्छता,स्वच्छता
Sanitation,स्वच्छता,सफाई,शौचालय व्यवस्था
Handwashing,हाथ धोना,हात धुणे,हस्तधोना
Oral Health,मौखिक स्वास्थ्य,तोंडी आरोग्य,मुख स्वास्थ्य
Dental Care,दंत चिकित्सा,दंत आरोग्य,दंत चिकित्सा
Vision,दृष्टि,दृष्टी,दृष्टि
Hearing,श्रवण,श्रवण,श्रवण
Vaccination Schedule,टीकाकरण अनुसूची,लस वेळापत्रक,टीकाकरण कार्यक्रम
First Aid,प्राथमिक चिकित्सा,प्राथमिक उपचार,प्रथमोपचार
Emergency Care,आपातकालीन देखभाल,आपातकालीन देखभाल,आपातकालीन सेवा
Ambulance,एम्बुलेंस,एम्बुलन्स,एंबुलेंस
Blood Donation,रक्तदान,रक्तदान,रक्तदान
Organ Donation,अंगदान,अंगदान,अंगदान
Health Insurance,स्वास्थ्य बीमा,आरोग्य विमा,स्वास्थ्य बीमा
Medical Checkup,चिकित्सा जांच,वैद्यकीय तपासणी,चिकित्सा परीक्षण
Blood Pressure,रक्तचाप,रक्तदाब,रक्तचाप
Systolic Pressure,सिस्टोलिक दबाव,सिस्टोलिक दाब,सिस्टोलिक
Diastolic Pressure,डायस्टोलिक दबाव,डायस्टोलिक दाब,डायस्टोलिक
Hypertension,उच्च रक्तचाप,उच्च रक्तदाब,रक्तचापाधिक्य
Hypotension,निम्न रक्तचाप,कमी रक्तदाब,रक्तचापलघुत्व
Heart Rate,हृदय गति,हृदय गती,हृदय गति
Pulse,नाड़ी,नाडी,नाड़ी
ECG,इसीजी,इसीजी,इलेक्ट्रोकार्डियोग्राम
Heart Attack,हृदयाघात,हृदयविकाराचा झटका,हृदयाघात
Stroke,स्ट्रोक,स्ट्रोक,स्ट्रोक
Diabetes,मधुमेह,मधुमेह,मधुमेह
Type 1 Diabetes,प्रकार 1 मधुमेह,प्रकार 1 मधुमेह,प्रकार 1 मधुमेह
Type 2 Diabetes,प्रकार 2 मधुमेह,प्रकार 2 मधुमेह,प्रकार 2 मधुमेह
Insulin,इंसुलिन,इन्सुलिन,इंसुलिन
Glucose,ग्लूकोज,ग्लुकोज,ग्लूकोज
Hypoglycemia,हाइपोग्लाइसीमिया,हायपोग्लायसेमिया,हाइपोग्लाइसीमिया
Hyperglycemia,हाइपरग्लाइसीमिया,हायपरग्लायसेमिया,हाइपरग्लाइसीमिया
Thyroid,थायरॉइड,थायरॉइड,थायरॉइड
Goiter,गॉइटर,गळ्याचा फोड,गॉइटर
Hormone,हार्मोन,हार्मोन,हॉर्मोन
Endocrine System,एंडोक्राइन सिस्टम,अंतःस्रावी प्रणाली,अंतःस्रावी तंत्र
Adrenal Gland,अड्रिनल ग्रंथि,अधिवृक्क ग्रंथी,अधिवृक्क
Pituitary Gland,पिट्यूटरी ग्रंथि,हाइपोथॅलॅमिक ग्रंथी,पिट्यूटरी
Ovary,अंडाशय,अंडाशय,अंडाशय
Testis,अंडकोष,अंडकोष,अंडकोष
Reproductive System,प्रजनन प्रणाली,जनन प्रणाली,प्रजनन तंत्र
Fertilization,प्रजनन,गर्भधारण,उर्वीकरण
Pregnancy,गर्भावस्था,गर्भधारण,गर्भधारण
Labor,प्रसव,प्रसव,प्रसव
Delivery,डिलीवरी,संपूर्ण प्रसव,प्रसव
Cesarean Section,सिजेरियन सेक्शन,सिजेरियन शस्त्रक्रिया,सिजेरियन
Newborn,नवजात शिशु,नवजात शिशु,नवजात
Breastfeeding,स्तनपान,स्तनपान,स्तनपान
Vaccination,टीकाकरण,लस,टीकाकरण
Immunization,प्रतिरक्षण,प्रतिरक्षण,प्रतिरक्षण
Childhood Diseases,बाल्यावस्था की बीमारियां,लहानपणी रोग,बालरोग
Measles,खसरा,खसरा,खसरा
Mumps,कंटकखोरी,कंटकखोरी,कंटक
Rubella,रुबेला,रुबेला,रुबेला
Polio,पोलियो,पोलीओ,पोलियो
Chickenpox,चिकनपॉक्स,चिकनपॉक्स,चिकनपॉक्स
Diphtheria,डिप्थीरिया,डिप्थीरिया,डिफ्थीरिया
Tetanus,टेटनस,कंडर,टिटॅनस
Pertussis,काली खांसी,काली खोकला,काली खांसी
Hepatitis B,हेपाटाइटिस बी,हपाटायटीस बी,हेपाटाइटिस
Hepatitis C,हेपाटाइटिस सी,हपाटायटीस सी,हेपाटाइटिस
Malaria,मलेरिया,मलेरिया,मलेरिया
Dengue,डेंगू,डेंग्यू,डेंगू
Cholera,हैजा,हैजा,हैजा
Typhoid,टायफॉइड,टायफॉइड,टायफॉइड
Tuberculosis,क्षय रोग,क्षयरोग,क्षयरोग
Pneumonia,निमोनिया,निमोनिया,निमोनिया
Asthma,अस्थमा,दमा,अस्थमा
Allergy,एलर्जी,अलर्जी,विकर्ष
Sinusitis,साइनस संक्रमण,साइनस इन्फेक्शन,साइनस संक्रमण
Bronchitis,ब्रोंकाइटिस,ब्रोंकायटिस,ब्रोंकाइटिस
Emphysema,एम्फ़ीज़ीमा,एम्फायसीमा,एम्फ़ीज़ीमा
Lung Cancer,फेफड़े का कैंसर,फुप्फुस कर्करोग,फुफ्फुसीय कर्करोग
Heart Disease,हृदय रोग,हृदय रोग,हृदय रोग
Arthritis,आर्थराइटिस,संधिवात,संधिवात
Osteoporosis,अस्थि क्षय,हाडांचे दुर्बलता,अस्थिक्षय
Anemia,रक्ताल्पता,अल्परक्तता,रक्ताल्पता
Leukemia,ल्यूकेमिया,ल्यूकेमिया,ल्यूकेमिया
Sickle Cell Disease,सिकल सेल रोग,सिकल सेल रोग,सिकल सेल रोग
Hemophilia,हेमोफिलिया,रक्तस्राव,हेमोफिलिया
Vitamin Deficiency,विटामिन की कमी,व्हिटॅमिन कमतरता,विटामिन अभाव
Mineral Deficiency,खनिज की कमी,खनिज कमतरता,खनिज अभाव
Obesity,मोटापा,लठ्ठपणा,मामत्व
Malnutrition,कुपोषण,कुपोषण,अल्पपोषण
Starvation,भूखमरी,भूखमरी,अन्नाभाव
Hydration,जल सेवन,पाणी सेवन,जल सेवन
Electrolytes,इलेक्ट्रोलाइट्स,इलेक्ट्रोलाइट्स,इलेक्ट्रोलाइट्स
Kidney,किडनी,मूत्रपिंड,वृक्क
Urine,मूत्र,मूत्र,मूत्र
Bladder,मूत्राशय,मूत्राशय,मूत्राशय
Urethra,मूत्रमार्ग,मूत्रमार्ग,मूत्रमार्ग
Dialysis,डायलिसिस,डायलिसिस,डायलिसिस
Liver,जिगर,यकृत,यकृत
Hepatitis,हेपाटाइटिस,हपाटायटीस,हेपाटाइटिस
Cirrhosis,सिरोसिस,सिरोसिस,सिरोसिस
Gallbladder,पित्ताशय,पित्ताशय,पित्ताशय
Pancreas,अग्न्याशय,अग्न्याशय,अग्न्याशय
Insulin Resistance,इंसुलिन प्रतिरोध,इन्सुलिन प्रतिकार,इंसुलिन प्रतिरोध
Obesity,मोटापा,लठ्ठपणा,मामत्व
Weight Loss,वजन कम करना,वजन कमी,वजन ह्रास
Diet,आहार,आहार,आहार
Nutrition,पोषण,पोषण,पोषण
Protein,प्रोटीन,प्रथिने,प्रोटीन
Carbohydrate,कार्बोहाइड्रेट,कार्बोहायड्रेट,साखर
Fat,वसा,चरबी,वसा
Fiber,रेशा,संतत,रेश
Vitamins,विटामिन,व्हिटॅमिन,विटामिन
Minerals,खनिज,खनिज,खनिज
Calcium,कैल्शियम,कॅल्शियम,कैल्शियम
Iron,लोह,लोह,लोह
Magnesium,मैग्नीशियम,मॅग्नेशियम,मैग्नीशियम
Potassium,पोटेशियम,पोटॅशियम,पोटेशियम
Sodium,सोडियम,सोडियम,सोडियम
Cholesterol,कोलेस्ट्रॉल,कोलेस्ट्रॉल,कोलेस्ट्रॉल
Triglycerides,ट्राइग्लिसराइड्स,ट्रायग्लिसराइड्स,ट्रायग्लिसराइड्स
Heart Attack,हृदयाघात,हृदयविकाराचा झटका,हृदयाघात
Stroke,स्ट्रोक,स्ट्रोक,स्ट्रोक
Arrhythmia,अतालता,अतालता,अतालता
Atherosclerosis,धमनियों का कठोर होना,धमनी कडक होणे,अथेरोस्क्लेरोसिस
Angina,एनजाइना,एंजाइना,एंजाइना
Hypertension,उच्च रक्तचाप,उच्च रक्तदाब,रक्तचापाधिक्य
Hypotension,निम्न रक्तचाप,कमी रक्तदाब,रक्तचापलघुत्व
Heart Failure,हृदय विफलता,हृदय फेल्युअर,हृदय विफलता
Coronary Artery Disease,कोरोनरी धमनी रोग,कोरोनरी धमनी रोग,कोरोनरी धमनी रोग
Heart Valve,हृदय वाल्व,हृदय वाल्व,हृदय वाल्व
Pacemaker,पेसमेकर,पेसमेकर,पेसमेकर
Angioplasty,एंजियोप्लास्टी,एंजियोप्लास्टी,एंजियोप्लास्टी
Bypass Surgery,बायपास सर्जरी,बायपास शस्त्रक्रिया,बायपास शस्त्रक्रिया
Cancer,कैंसर,कर्करोग,कर्करोग
Carcinoma,कार्सिनोमा,कार्सिनोमा,कार्सिनोमा
Sarcoma,सार्कोमा,सार्कोमा,सार्कोमा
Leukemia,ल्यूकेमिया,ल्यूकेमिया,ल्यूकेमिया
Lymphoma,लिम्फोमा,लिंफोमा,लिंफोमा
Chemotherapy,कीमोथेरेपी,कीमोथेरेपी,कीमोथेरेपी
Radiation Therapy,रेडिएशन थेरेपी,किरण उपचार,रेडिएशन थेरेपी
Surgery,शल्य चिकित्सा,शस्त्रक्रिया,शल्य चिकित्सा
Immunotherapy,इम्यूनोथेरेपी,इम्यूनोथेरेपी,इम्यूनोथेरेपी
Biopsy,बायोप्सी,बायोप्सी,बायोप्सी
Tumor,ट्यूमर,ट्यूमर,गांठ
Metastasis,मेटास्टेसिस,मेटास्टेसिस,विकिरण
Pathology,रोग विज्ञान,रोगशास्त्र,रोगशास्त्र
Microbiology,सूक्ष्म जीव विज्ञान,सूक्ष्मजीवशास्त्र,सूक्ष्मजीवविज्ञान
Bacteria,बैक्टीरिया,बॅक्टेरिया,सूक्ष्मजीव
Virus,वायरस,व्हायरस,वायरस
Fungus,फंगस,बुरशी,कवक
Protozoa,प्रोटोज़ोआ,प्रोटोजोआ,एककोशिकीय
Infection,संक्रमण,संक्रमण,संक्रमण
Inflammation,सूजन,सोजा,सूजन
Immune System,प्रतिरक्षा तंत्र,प्रतिरक्षण तंत्र,प्रतिरक्षा तंत्र
Antibody,प्रतिरक्षा,प्रतिरक्षा,प्रतिरक्षा
Antigen,एंटीजन,एंटीजन,एंटीजन
Vaccine,टीका,लस,टीका
Allergy,एलर्जी,अलर्जी,विकर्ष
Autoimmune Disease,स्वप्रतिरक्षित रोग,स्वप्रतिरक्षण रोग,आत्मप्रतिरक्षा रोग
Rheumatology,रुमेटोलॉजी,रूमॅटॉलॉजी,रुमेटोलॉजी
Dermatology,त्वचाविज्ञान,त्वचाविज्ञान,त्वचाविज्ञान
Cardiology,हृदय विज्ञान,हृदयरोगशास्त्र,हृदयरोगशास्त्र
Neurology,तंत्रिका विज्ञान,स्नायूशास्त्र,तंत्रिकाशास्त्र
Psychiatry,मनोचिकित्सा,मानसशास्त्र,मनोचिकित्सा
Ophthalmology,नेत्र विज्ञान,नेत्रशास्त्र,नेत्रशास्त्र
Otorhinolaryngology,कान,नाक और गला,कर्ण, नासिका, कर्णनल
Gastroenterology,पाचन तंत्र विज्ञान,पचनशास्त्र,अंतःशोथ
Endocrinology,अंतःस्रावी विज्ञान,अंतःस्रावीशास्त्र,अंतःस्रावीशास्त्र
Diabetes,मधुमेह,मधुमेह,मधुमेह
Type 1 Diabetes,टाइप 1 मधुमेह,प्रकार 1 मधुमेह,प्रकार 1 मधुमेह
Type 2 Diabetes,टाइप 2 मधुमेह,प्रकार 2 मधुमेह,प्रकार 2 मधुमेह
Gestational Diabetes,गर्भावधि मधुमेह,गर्भावस्थेतील मधुमेह,गर्भधारणासंबंधी मधुमेह
Insulin,इंसुलिन,इन्सुलिन,इन्सुलिन
Glucose,ग्लूकोज,ग्लुकोज,ग्लूकोज
Hypoglycemia,हाइपोग्लाइसीमिया,हायपोग्लायसिमिया,हाइपोग्लाइसीमिया
Hyperglycemia,हाइपरग्लाइसीमिया,हायपरग्लायसिमिया,हाइपरग्लाइसीमिया
Blood Sugar,रक्त शर्करा,रक्तातील साखर,रक्त शर्करा
Glycogen,ग्लाइकोजन,ग्लायकोजन,ग्लाइकोजन
Pancreatic Beta Cells,अग्न्याशय बीटा कोशिकाएँ,पॅन्क्रियास बीटा पेशी,अग्न्याशय बीटा कोशिका
Hormone,हार्मोन,हार्मोन,हॉर्मोन
Thyroid,थायरॉइड,थायरॉइड,अस्थिस्रावी
Hypothyroidism,हाइपोथायरॉइडिज्म,हायपोथायरॉइडिज्म,हाइपोथायरॉइडिज्म
Hyperthyroidism,हाइपरथायरॉइडिज्म,हायपरथायरॉइडिज्म,हाइपरथायरॉइडिज्म
Parathyroid,पैराथायरॉइड,पॅराथायरॉइड,पैराथायरॉइड
Adrenal Glands,अधिवृक्क ग्रंथियां,अधिवृक्क ग्रंथी,अधिवृक्क
Cortisol,कॉर्टिसोल,कोर्टिसोल,कॉर्टिसोल
Aldosterone,अल्डोस्टेरोन,अल्डोस्टेरोन,अल्डोस्टेरोन
Sex Hormones,लैंगिक हार्मोन,लैंगिक हार्मोन,लैंगिक हार्मोन
Testosterone,टेस्टोस्टेरोन,टेस्टोस्टेरॉन,अण्डकोष हार्मोन
Estrogen,एस्ट्रोजन,इस्ट्रोजन,एस्ट्रोजन
Progesterone,प्रोजेस्टेरोन,प्रोजेस्टेरॉन,प्रोजेस्टेरोन
Menstruation,मासिक धर्म,मासिक पाळी,मासिकधर्म
Pregnancy,गर्भावस्था,गर्भावस्था,गर्भधारण
Labor,प्रसव,प्रसव,प्रसव
Delivery,डिलिवरी,डिलिव्हरी,जन्मदान
Cesarean Section,सिजेरियन सेक्शन,सिजेरियन सेक्शन,सिजेरियन
Obstetrics,स्त्रीरोग विज्ञान,स्त्रीरोगशास्त्र,स्त्रीरोगशास्त्र
Gynecology,स्त्रीरोग,स्त्रीरोग,स्त्रीरोग
Neonatology,नवजात शिशु विज्ञान,नवजात शिशु शास्त्र,नवजात शिशु चिकित्सा
Pediatrics,बाल चिकित्सा,बालरोगशास्त्र,बालरोगशास्त्र
Vaccination,टीकाकरण,लस,टीकाकरण
Measles,खसरा,खसरा,खसरा
Mumps,मम्प्स,कण्ठमाला,कण्ठमाला
Rubella,रूबेला,रुबेला,रुबेला
Polio,पोलियो,पोलिओ,पोलिओ
Chickenpox,चेचक,चिकनपॉक्स,चेचक
Hepatitis A,हेपाटाइटिस ए,हेपाटायटीस ए,हेपाटाइटिस ए
Hepatitis B,हेपाटाइटिस बी,हेपाटायटीस बी,हेपाटाइटिस बी
Hepatitis C,हेपाटाइटिस सी,हेपाटायटीस सी,हेपाटाइटिस सी
Influenza,इन्फ्लूएंजा,इन्फ्लूएंजा,इन्फ्लुएंजा
COVID-19,कोविड-19,कोविड-19,कोविड-19
SARS-CoV-2,सार्स-कोव-2,सार्स-कोव्ह-2,सार्स-कोव-2
Respiratory System,श्वसन तंत्र,श्वसन प्रणाली,श्वसन तंत्र
Lungs,फेफड़े,फुप्फुस,फुप्फुस
Bronchi,ब्रोंकाई,ब्राँकस,ब्रॉन्कस
Alveoli,एल्वियोली,अल्वेओली,अल्वेओली
Asthma,दमा,अस्थमा,अस्थमा
COPD,क्रॉनिक ऑब्सट्रक्टिव पल्मोनरी डिजीज,सीओपीडी,दीर्घकालिक फुप्फुस रोग
Pneumonia,न्यूमोनिया,निमोनिया,न्यूमोनिया
Tuberculosis,क्षय रोग, क्षयरोग,क्षयरोग
COVID Vaccine,कोविड वैक्सीन,कोविड लस,कोविड टीका
Antiviral,एंटीवायरल,एंटीवायरल,एंटीवायरल
Antibiotic,एंटीबायोटिक,अँटीबायोटिक,एंटीबायोटिक
Pathogen,रोगजनक,रोगजनक,रोगजनक
Infection Control,संक्रमण नियंत्रण,संक्रमण नियंत्रण,संक्रमण नियंत्रण
Quarantine,क्वारंटीन,क्वारंटाइन,विराम
Isolation,अलगाव,विरवळ,विरक्ती
Fever,बुखार,ताप,ज्वर
Cough,खांसी,खोकला,कफ
Cold,सर्दी,थंडी,शीत
Inflammation,सूजन,सोजा,सूजन
Pain,दर्द,दुख,वेदना
Analgesic,दर्दनिवारक,वेदनाशामक,वेदनानाशक
Antipyretic,बुखार कम करने की दवा,तापनाशक,तापनाशक
NSAID,नॉन-स्टेरॉयडल एंटी-इंफ्लेमेटरी ड्रग,NSAID,NSAID
Acetaminophen,एसिटामिनोफेन,अॅसिटामिनोफेन,पेरासिटामोल
Ibuprofen,इबुप्रोफेन,इबुप्रोफेन,इबुप्रोफेन
Aspirin,एस्पिरिन,एस्पिरिन,एस्पिरिन
Morphine,मॉर्फिन,मॉर्फिन,मॉर्फिन
Opioid,ओपिओइड,ओपिओइड,ओपिओइड
Anesthesia,स्नायुशोथन,स्नायूशोथन,स्नायुशोथन
Surgery,शल्य चिकित्सा,शस्त्रक्रिया,शल्य चिकित्सा
Cardiology,हृदय विज्ञान,हृदयशास्त्र,हृदयशास्त्र
Heart,हृदय,हृदय,हृदय
Myocardial Infarction,हृदयाघात,मायोकार्डियल इन्फार्क्शन,हृदयाघात
Angina,एंजाइना,एंजायना,एंजाइना
Arrhythmia,अतालता,अतालता,अतालता
Atrial Fibrillation,एट्रियल फाइब्रिलेशन,एट्रियल फिब्रिलेशन,एट्रियल फाइब्रिलेशन
Ventricular Tachycardia,वेंत्रिकुलर टैकीकार्डिया,व्हेंट्रिक्युलर टॅकीकार्डिया,वेंत्रिकुलर टैकीकार्डिया
Blood Pressure,रक्तचाप,रक्तदाब,रक्तचाप
Hypertension,उच्च रक्तचाप,उच्च रक्तदाब,उच्च रक्तचाप
Hypotension,निम्न रक्तचाप,कमी रक्तदाब,निम्न रक्तचाप
Cholesterol,कोलेस्ट्रॉल,कोलेस्ट्रॉल,कोलेस्ट्रॉल
Triglycerides,ट्राइग्लिसराइड,ट्रायग्लिसराइड,ट्रायग्लिसराइड
Atherosclerosis,एथेरोस्क्लेरोसिस,एथेरोस्क्लेरोसिस,एथेरोस्क्लेरोसिस
Stroke,स्ट्रोक,स्ट्रोक,स्ट्रोक
Neurology,न्यूरोलॉजी,स्नायुविज्ञान,स्नायुविज्ञान
Brain,मस्तिष्क,मेंदू,मस्तिष्क
Neuron,तंत्रिका कोशिका,न्यूरॉन,तंत्रिका कोशिका
Synapse,सिनैप्स,सिनॅप्स,सिनैप्स
Neurotransmitter,तंत्रिका संचरक,न्यूरोट्रांसमीटर,तंत्रिका संचरक
Parkinson's Disease,पार्किंसन रोग,पार्किन्सन्स रोग,पार्किंसन रोग
Alzheimer's Disease,अल्ज़ाइमर रोग,अल्झायमर रोग,अल्झाइमर रोग
Multiple Sclerosis,मल्टिपल स्क्लेरोसिस,मल्टिपल स्क्लेरोसिस,मल्टिपल स्क्लेरोसिस
Epilepsy,मिर्गी,अपस्मार,अपस्मार
Migraine,माइग्रेन,माइग्रेन,माइग्रेन
Seizure,दौरा,दौरा,स्फोट
Peripheral Nervous System,परिधीय तंत्रिका तंत्र,परिधीय तंत्रिका तंत्र,परिधीय तंत्रिका तंत्र
Central Nervous System,केंद्रीय तंत्रिका तंत्र,केंद्रीय तंत्रिका तंत्र,केंद्रीय तंत्रिका तंत्र
Spinal Cord,रीढ़ की हड्डी,मज्जा,मज्जा
Reflex,परावर्तन,परावर्तन,परावर्तन
Musculoskeletal System,स्नायु एवं अस्थि तंत्र,स्नायू आणि हाडे तंत्र,स्नायु-अस्थि तंत्र
Bone,हड्डी,हाड,अस्थि
Joint,संधि,संधी,संयुक्त
Cartilage,उपास्थि,अस्थिसंधि,उपास्थि
Ligament,बंधनसूत्र,संधीबंधन,बंधनसूत्र
Tendon,संधिपेशी,संधीशा,संधिपेशी
Muscle,मांसपेशी,स्नायू,मांसपेशी
Skeletal Muscle,कंकाल मांसपेशी,कंकाल स्नायू,कंकाल मांसपेशी
Cardiac Muscle,हृदय मांसपेशी,हृदय स्नायू,हृदय मांसपेशी
Smooth Muscle,स्मूद मांसपेशी,स्मूथ स्नायू,समान मांसपेशी
Respiratory Therapy,श्वसन चिकित्सा,श्वसन चिकित्सा,श्वसन चिकित्सा
Ventilation,वेंटिलेशन,वेंटिलेशन,वेंटिलेशन
Oxygen Therapy,ऑक्सीजन चिकित्सा,ऑक्सिजन चिकित्सा,ऑक्सीजन चिकित्सा
CPR,सीपीआर,सीपीआर,सीपीआर
First Aid,प्रथम सहायता,प्रथमोपचार,प्रथमोपचार
Emergency Medicine,आपातकालीन चिकित्सा,आपत्कालीन वैद्यकीय,आपातकालीन चिकित्सा
Trauma,आघात,त्रास,आघात
Burns,दग्ध,जखम,दग्ध
Fracture,हड्डी टूटना,हाड तुटणे,हड्डि भंग
Wound,घाव,जखम,घाव
Infection,संक्रमण,संक्रमण,संक्रमण
Sepsis,सेप्सिस,सेप्सिस,सेप्सिस
Shock,झटका,शॉक,आघात
Hemorrhage,रक्तस्राव,रक्तस्राव,रक्तस्राव
Blood Transfusion,रक्तस्राव,रक्तस्राव,रक्तस्राव
Immunology,प्रतिरक्षा विज्ञान,प्रतिरोधकशास्त्र,प्रतिरक्षा विज्ञान
Antibody,एंटीबॉडी,प्रतिप्रति,प्रतिरक्षिका
Antigen,एंटीजन,एँटीजन,प्रतिजन
Vaccine,टीका,लस,टीका
Allergy,एलर्जी,अॅलर्जी,एलर्जी
Anaphylaxis,एनाफिलेक्सिस,अॅनाफिलॅक्सिस,अनफिलाक्सिस
Autoimmune Disease,स्वप्रतिरक्षित रोग,स्वप्रतिरक्षा रोग,स्वप्रतिरक्षित रोग
Rheumatology,रुमाटोलॉजी,संधिविशेषज्ञता,संधिविशेषज्ञता
Arthritis,गठिया,संधिवात,अर्थ्राइटिस
Osteoarthritis,ऑस्टियोआर्थराइटिस,अस्थिसंधिवात,अस्थिसंधिवात
Rheumatoid Arthritis,रूमेटॉइड आर्थराइटिस,रूमॅटोइड अर्थ्राइटिस,रूमॅटोइड अर्थ्राइटिस
Gastroenterology,पाचन तंत्र विज्ञान,पचनतंत्रशास्त्र,अमाशय विज्ञान
Stomach,पेट,पोट,अम
Intestine,आंत्र,आंत्र,आंत्र
Liver,जिगर,यकृत,जठर
Pancreas,अग्न्याशय,अग्न्याशय,अग्न्याशय
Gallbladder,पित्ताशय,पित्ताशय,पित्ताशय
Esophagus,अन्ननली,अन्ननलिका,अन्ननली
Gastritis,गैस्ट्राइटिस,अमाशयशोथ,जठरशोथ
Ulcer,अल्सर,अल्सर,अल्सर
Aeroplane,विमान,विमान,विमानम्/विमानयानम्
Air Conditioner,एसी,एसी,वातानुकूकलन​-यन्त्रम्
Airport,हवाई अड्डा,हवामानतळ,विमानपत्तनम्/विमानपत्तनस्थलम्
Alarm,चेतावनी,सावधान,आपत्सन्ङ्केत
Almond,बादाम,बदाम,वाताद
Apartment,अपार्टमेंट,अपार्टमेंट,सदनिका
Ant,चींटी,मुंगी,पिपीलिका
Account,खाता,खाते,गणना
Acid,अम्ल,अम्ल,आम्ल
Advocate,वकील,वकील,अधिवक्ता
Agency,एजेंसी,एजन्सी,न्यायाधिकार
Air Hostess,एयर होस्टेस,एअर होस्टेस,विमान-परिचारिका
Alligator,मगरमच्छ,मगर,ग्राह/नक्र
Allergy,एलर्जी,अॅलर्जी,प्रत्यूर्जता
Active Volcano,सक्रिय ज्वालामुखी,सक्रिय ज्वालामुखी,ज्वालामुखी
Algebra,बीजगणित,बीजगणित,बीजगणितम्
Aluminium,एल्यूमिनियम,अॅल्युमिनियम,स्फटीमयम्
Ambulance,एम्बुलेंस,रुग्णवाहन,रुग्णवाहिका
Anchor,लंगर,लंगर,लांगलः
Badge,बैज,बैज,चिह्नं
Badminton,बैडमिंटन,बैडमिंटन,पिच्छकन्दुक:
Balloon,गुब्बारा,फुगलेला वाफा,वागोल:
Butterfly,तितली,फुलपाखरू,चित्रपतङ्गः
Boating,नौकाविहार,नौकाविहार,नौकाविहारम्
Bench,बेंच,बसण्याची बस,दीर्घासन्दिका
Birthday,जन्मदिन,जन्मदिवस,जन्मदिवस:
Bribe,रिश्वत,लाच,उत्कोचम्
Bamboo,बांबू,वटळ,वंश:
Banana,केला,केळी,कदलीफलम्
Bus,बस,बस,बसयानम्
Buffalo-herd,भैंस दल,हरणे,पिण्डारकः
Bag,थैला,थैला,स्यूति/स्यूत:
Bull,बैल,बैल,वित्सन
Ball,गेंद,चेंडू,कंदुकः
Balcony,बालकनी,बाल्कनी,अलिन्द:
Baker,बेकरी,बेकरी,आपूपिक:
Bandage,पट्टी,पट्टी,पट्टिका
Banner,झेंडा,झेंडा,वस्त्रफलकम्
Balm,बाम,बाम,उपशामकः
Banana tree,केळाचे झाड,केळीचे झाड,कदल:
Banquet,भोज,भोजन,भोजः
Banyan tree,बरगद,बरगद,वटवृक्ष:
Blackboard,ब्लॅकबोर्ड,ब्लॅकबोर्ड,श्यामपट᳭टः
Cockroach,तारक,तारक,वल्गुलिका/तैलपः
Competition,प्रतियोगिता,स्पर्धा,प्रतियोगिता
Clapping Sound,ताळ्या,ताळ्या,करतलध्वनिम्
Crowd,भीड़,लोक,जनसम्मर्दः
Calculator,कैलकुलेटर,कॅलक्युलेटर,गणक:
Calendar,कॅलेंडर,दिनदर्शक,दिनदर्शिका
Camera,कैमरा,कॅमेरा,चित्रग्राहिणी
Camel,ऊंट,ऊंट,उष्ट्र:
Caterpillar,शिडी,शिडी,कण्डोष:
Cat,बिल्ली,मांजर,मार्जार:/बिडाला
Coffee,कॉफी,कॉफी,कॉफीपेयम्/काफी
Cafe,कैफे,कैफे,भोजनगृहम्/पानगृहं
Candy,कैंडी,गोडा,धौतखण्डी
Calf,बछड़ा,बछडा,गोवत्स:
Camp,शिविर,शिबीर,पटकः
Candle,मोमबत्ती,बत्ती,सिक्थवर्तिका
Cabbage,पत्ता गोभी,पानेभाजी,कलम्बी
Cabinet,अलमारी,कॅबिनेट,मंत्रिमंडलम्
Cake,केक,केक,फुल्लपूरः
Coach,कोच,शिक्षक,प्रशिक्षकः
Desktop,डेस्कटॉप,डेस्कटॉप,कार्यपीठिका
Dining Table,डायनिंग टेबल,डायनिंग टेबल,आहारमञ्चः
Desk,मेज,टेबल,लेखपीठम्
Dhoti,धोती,धोती,धौतम्
Diamond,हीरा,हिरा,हीरकम्
Dolphin,डॉल्फिन,डॉल्फिन,शिंशुमारः
Doll,गुड़िया,गुड़िया,क्रीडनकबालिका/पुत्रिका
Daffodils,नरकळी,नरकळी,फोमाकुुसुमम
Dairy,डेअरी,डेअरी,दुग्धशाला
Daisy,देसी फूल,देसी फूल,महाश्रावणी
Dictionary,शब्दकोश,शब्दकोश,शब्दकोश:
Deputy,उपाध्यक्ष,उपअध्यक्ष,उप​
Desert,मरुस्थल,वाळवंट,मरुभूमि:
Detective,जासूस,गुप्तहेर,गुप्तचरः
Diagram,आरेख,आरेख,रेखाचित्रम्
Database,डेटाबेस,डेटाबेस,दत्तनिधि:
Debit,डेबिट,डेबिट,विकलनम्
Eagle,गरुड़,गरुड,गरुड:
Earthworm,केंचुली,किंचुलुक:,किञ्चुलुक:
Earthquake,भूकंप,भूकंप,भूकम्प:
Environment,पर्यावरण,पर्यावरण,पर्यावरणः
Elastic,इलास्टिक,इलास्टिक,प्रत्यास्थ:
Elephant,हाथी,हत्ती,गज:
Egg,अंडा,अंडी,कोशक:
Ear Ring,कर्णफूल,कर्णफूल,कर्णाभूषणः/कर्णावतंस:
Economy,अर्थव्यवस्था,अर्थव्यवस्था,अर्थव्यवस्था
Editor,संपादक,संपादक,सम्पादक:
Elbow,कोहनी,कोपर,कफोणि:
Electric Fan,पंखा,पंखा,व्यजन​:
Email address,ईमेल,ईमेल,ई-पत्रसड्.केतः
Employee,कर्मचारी,कर्मचारी,कर्मचारि
Engineer,इंजिनियर,अभियंता,अभियन्ता
Envelope,लिफाफा,लिफाफा,पिहितपत्रम्
Episode,एपिसोड,एपिसोड,कथाभाग:
Escalator,एस्केलेटर,एस्केलेटर,चलसोपानम्
Exhaust,एग्झॉस्ट,एग्झॉस्ट,निष्कास:
Elder,बुजुर्ग,वयोवृद्ध,अग्रज:
Eye glass,चश्मा,डोळस,उपनेत्रम्
Fable,कथा,कथा,गल्प
Fridge,फ्रिज,फ्रिज,प्रशीतकः
Fabric,कपड़ा,कापडं,उतं
Family,परिवार,कुटुंब,परिवार:
Falcon,बाज,बाज,श्येन:
Ferryboat,फेरीबोट,फेरीबोट,नौका
Fox,लोमडी,लांडगा,जम्बूकः/शृगाल:
Fish,मछली,मासा,मत्स्य:
Fence,बाड़,फेंस,वृति:
Fenugreek,मेथी,मेथी,मेथिका
Fertilizer,उर्वरक,खते,उर्वरकम्
File,फाइल,फाईल,सज्चिका/चितिः
Fax machine,फैक्स मशीन,फॅक्स मशीन,समकृतियन्त्रम्
Filter,फिल्टर,फिल्टर,शोधकम्
Fireworks,पटाखे,स्फोटक,स्फोटनकक्रीडा/अग्निक्रीडनकाः
Fig,अंजीर,अंजीर,अञ्जीरम्
Film,फिल्म,चित्रपट,चलचित्रम्
Finger print,फिंगरप्रिंट,अंगठ्याच्या ठसा,अङ्गुलीमुद्रा
Flood,बाढ़,पुर,जलौघ:
Frog,मेंढक,बोगदा,मण्डूकः
Galaxy,आकाशगंगा,आकाशगंगा,आकाशगङ्गा
Guest,अतिथि,अतिथी,अतिथी:
Garlic,लहसुन,लसूण,लशुन:
Giraffe,जिराफ,जिराफ,चित्रोष्ट्र:
Ginger,अदरक,आद्रक,आर्द्रकम्
Glass,गिलास,काच,चषक:
Glucose,ग्लूकोज,साखर,मधुमम्
Glue,गोंद,गोंद,श्लेषः
Globe,गोलक,ग्लोब,पृथ्वीगोलः
Garage,गॅरेज,गॅरेज,यानगृहम्
Gallery,गॅलरी,गॅलरी,आलिन्द:
Generator,जनरेटर,जनरेटर,जनित्रम्
Gorilla,गोरिल्ला,गोरिल्ला,भीमवानर:
Gymnasium,व्यायामशाळा,जिम,व्यायामशाला
Hammer,हथौड़ा,हातोडा,मुद्गर:
Handbook,हस्तपुस्तिका,हातपुस्तक,पुस्तिका
Highway,हाईवे,हायवे,राजमार्ग​
Handcuffs,हथकड़ी,हातकडी,हस्तपाश:
Handkerchief,रुमाल,रुमाल,करवस्त्रम्
Harmonium,हार्मोनियम,हार्मोनियम,स्वरन्धरा
Hat,टोपी,टोप,टोपिका
Hammock,झूला,झूला,झुलः
Hanger,कपड्याचा हँगर,कपड्याचा हँगर,उद्बन्धकम्
Handicraft,हस्तकला,हस्तकला,हस्तकशिल्पम्
Harbour,बंदर,बंदर,नौकाश्रय:
Hand,हाथ,हात,हस्त:
Hand Glove,दस्ताने,दस्ताने,हस्तपः
Hard disk,हार्ड डिस्क,हार्ड डिस्क,ध्रुववृत्तकम्
Hostel,छात्रावास,विद्यार्थी निवास,छात्रावास:
Headphone,हेडफोन,हेडफोन,शिरभाषः
Helicopter,हेलीकॉप्टर,हेलिकॉप्टर,सवीजनम्/उदग्रविमानम्
Hedgehog,सुँगाचा,सुऱ,जाहक:
Helmet,हेल्मेट,हेल्मेट,शिरस्त्राणम्
Hockey-stick,हॉकी की छड़ी,हॉकीची काठी,यष्टि:
Hut,कुटिया,कुटी,कुटीरः
Ice,बरफ,बर्फ,हिमम्
Ice-cream,आइसक्रीम,आईस्क्रीम,पयोहिमम्
Icon,आइकॉन,आयकॉन,चित्रकम्
Iron,इस्त्री/लोहा,इस्पात/लोहा,समीकरम्
Injection,सुई/इंजेक्शन,सुई/इंजेक्शन,अंतःक्षेपणम्
Identity Card,पहचान पत्र,ओळखपत्र,परिचयपत्रम्
Inauguration,उद्घाटन,उद्घाटन,उद्घाटनम्
International Border,अंतर्राष्ट्रीय सीमा,आंतरराष्ट्रीय सीमा,आंतरराष्ट्रीयसीमा
Incident,घटना,घटना,दुर्घटना
Incoming Call,आगामी कॉल,आगामी कॉल,आवक का᳴ल​
Index,सूचकांक,इंडेक्स,सूचिका
Industry,उद्योग,उद्योग,उद्योग:
Income Tax,आयकर,उत्पन्न कर,आयकर:
Infection,संक्रमण,संसर्ग,सङ्क्रम:
Innovation,नवप्रवर्तन,नवप्रवर्तन,नवप्रवर्तनम्
Instrument,उपकरण,साधन,साधनम्
Idea,विचार,कल्पना,कल्पना
Insurance,बीमा,विमा,आगोपः
Jack Fruit,कटहल,कटहल,पनसम्
Jacket,जैकेट,जॅकेट,निचोलः
Jasmine,जास्मीन,जास्विनी,मल्लिका
Javelin,भाला,भाला,प्रास:
Jigsaw Puzzle,जिगसॉ पझल,जिगसॉ,चित्रखण्ड​प्रहेलिका
Jump,कूद,उडी,उत्प्लवनम्
Jute,जूट,जूट,शणम्
Juice,रस,रस,फलरस:
Jeep,जीप,जीप,दुर्गयानम्
Jersey,जर्सी,जर्सी,चोलकम्
Jaw,जुबान,ओठ,हनु:
Judge,न्यायाधीश,न्यायाधीश,न्यायाधीशः/धर्मस्थ:
Jelly,जेली,जेली,श्यानद्रद्यम्
Jogging,जॉगिंग,जॉगिंग,मन्दधावनम्
Judo,जूडो,जूडो,जोडिका
Kangaroo,कंगारू,कंगारू,आकुरंगः
Kerosene,मिट्टी का तेल,मिट्टीचे तेल,मृत्तैलम्
Key,चाबी,कुंजी,कुञ्चिका
Keyboard,कीबोर्ड,कीबोर्ड,अक्षरफलकम्/कीलफलकम्
Kettle,केतली,केतली,उखा
Kite,पतंग,पतंग,चिल्ल:
Kidney,गुर्दा,मूत्रपिंड,वृक्का
Kindergarten,बालवाडी,बालवाडी,शिशुविहारः
Knife,चाकू,सापळा,छुरिका
Kick,लात,लाथ,पाद-आघात:
Kingfisher,मछली मारने वाला पक्षी,मछलीपाखरू,मीनरङ्गकः
Kennel,कुत्र्याचा घर,कुत्र्याचा घर,श्वानगृहम्
Kilometer,किलोमीटर,किलोमीटर,सहस्त्रमानम्
Laboratory,प्रयोगशाळा,प्रयोगशाळा,प्रयोगशाला
Lace,फुलकरी,सिंजण,सूत्रम्
Ladder,शिडी,शिडी,सोपानम्/निःश्रेणिम:
Laptop Computer,लॅपटॉप,लॅपटॉप संगणक,अङ्कसङ्गणकम्
Leopard,चीता,चित्ता,चित्रक:
Lantern,दिवा,दिवा,वादीपः
Lion,सिंह,सिंह,सिंहः
Library,लायब्ररी,ग्रंथालय,ग्रंथालयम्
Land,भूमि,भूमी,भूमि
Lane,गली,गल्ला,विशिखा
Lawn,लॉन,गवताचे मैदान,शाद्वलम्
Laundry,धोबीघर,लॉन्ड्री,धावनालयः
Latch,ताला,ताळा,अर्गला
Lawyer,वकील,वकील,अधिवक्ता
Letter Box,पोस्टबॉक्स,पत्र पेटी,पत्रपेटिका/पत्रमंजूषा
Lac Insect,लक्ष कीट,लक्ष कीट,लक्षाकीटः
Labour,मजदूर,कामगार,श्रम:
Lemon,नींबू,लिंबू,जम्बीर:
Lock,ताला,ताळा,तालिका/तालकम्
English,Hindi,Marathi,Sanskrit
Machine,मशीन,यंत्र,यन्त्रम्
Macaw,मैको,माको पक्षी,कीरः
Magazine,मैगज़ीन,साप्तिक,पत्रिका
Mail,डाक,पोस्ट,पत्रम्
Marigold,गेंदा,गेंदा,झंडुः
Mobile Phone,मोबाइल,मोबाइल,चलभाषयंत्रम्
Monkey,बंदर,माकड,मर्कट:
Mango,आम,आंबा,आम्रम्
Mountain,पहाड़,डोंगर,पर्वत:
Magnet,चुंबक,चुंबक,चुम्बक:
Mansion,महल,महल,भवनम्
Magician,जादूगर,जादूगर,मायकः
Mask,मुखौटा,मुखवटा,वर्णकः
Match-box,माचिस डिब्बा,मॅचबॉक्स,अग्निपेटिका
Mechanic,मेकॅनिक,यांत्रिक,यान्त्रिक:
Members,सदस्य,सदस्य,सदस्याः
Media,मीडिया,मीडिया,माध्यमम्
Marble,स्फटिक,स्फटिक,श्वेतशैलमय:
Mosquito,मच्छर,माशा,मशक:
Melon,खरबूजा,खरबूज,तरम्बुजम्
Nail Cutter,नाखून कटर,नखे कापणारा,नखकर्तनी
Newspaper,अखबार,वृत्तपत्र,वार्तापत्रम्
Needle,सुई,सुई,सूचिः
News,समाचार,बातम्या,वार्ता
Night Lamp,रात का दीपक,रात्रिचा दिवा,रात्रीविघुद्दीपः
Nurse,नर्स,सुरक्षा कर्मचारी,धात्री
Nest,घोंसला,कूळ,नीडः/वसति
Napkin,नैपकिन,नॅपकिन,पिचु:
No parking,पार्किंग निषेध,उभे राहू नये,निषिध्दं यानस्थानकम्​
Nut,मेवा,सुकामेवा,नहः/नरी
Negative sign,ऋण चिह्न,ऋण चिन्ह,ऋणचिहनम्
Necktie,गले का पट्टा,गर्दनपट्टा,कण्टसूत्र:
Necklace,हार,माळ,कण्ठहार:
No-Smoking,धूम्रपान निषेध,सिगारेट बंद,धूम्रपाननिषिध्दक्षेत्रम्
Number-plate,नंबर प्लेट,नंबर प्लेट,सङ्ख्यापट्टिका
Oasis,नखलिस्तान,नखलिस्तान,मरूद्यानम्
Oil,तेल,तेल,तैलम्
Olive,जैतून,जैतून,जितवृक्ष:
Onion,प्याज,कांदा,पलाण्डु:
Orange,संतरा,संत्रा,नारङ्गम्
Ostrich,शुतुरमुर्ग,शुतुरमुर्ग,उष्ट्रपक्षी
Oil Painting,तेल चित्र,तेलचित्र,तैलचित्रम्
Omelette,ऑमलेट,अंड्याचं भुजलेलं,अण्डापूपः
Operation,संचालन,ऑपरेशन,संक्रिया
Optical Fiber,ऑप्टिकल फाइबर,ऑप्टिकल फायबर,मायूखतन्तु:
Office,कार्यालय,कार्यालय,कार्यालय:
Orchestra,ऑर्केस्ट्रा,संगीत मंडळ,वाद्यवृन्दम्
Oven,ओव्हन,ओव्हन,आपाक:
Owl,उल्लू,घुबड,उलूक:
Ornament,आभूषण,सजावट,आभूषणम्
Overbridge,ओवरब्रिज,ओवरब्रिज,उपरिसेतुः
Outlet,आउटलेट,आउटलेट,निर्गम:
Outline,रूपरेखा,आउटलाइन,रूपरेखा
Packet,पैकेट,पॅकेट,खण्डः
Paper Boat,कागदी नाव,कागदी बोट,कर्गदनौका
Paint Brush,ब्रश,ब्रश,वर्णतुलिका
Paint,रंग,रंग,रङ्गलेप:
Patient,मरीज,रुग्ण,रुग्णः
Papaya,पपीता,पपई,मधुकर्कटी
Pear,नाशपाती,नाशपती,रुचिफलम्
Pond,तालाब,तळे,सरोवरः/तडागः
Post Office,डाकघर,डाकघर,पत्रालयः
Post Box,पोस्ट बॉक्स,पोस्ट बॉक्स,पत्रमञ्जूषा
Postman,डाकिया,डाकिया,पत्रवितरक:
Parrot,तोता,पोपट,शुकः
Pan Cake,पैनकेक,पॅनकेक,पुरिका
Pant,पॅंट,पॅंट,ऊरुकम्
Parade,परेड,परेड,सैन्ययात्रा
Parachute,पैराशूट,पॅराशूट,वायुच्छत्रम्
Palette,पैलेट,पॅलेट,वर्णफलकम्
Parcel,पार्सल,पार्सल,परिवेष्ट:
Park,उद्यान,उद्यान,उद्यानम्
Pan,पात्र,भांडे,तुलापात्रम्
Pillow,तकिया,उशी,उपधानम्
Party,पार्टी,पार्टी,प्रीतिभोज:
Passport,पासपोर्ट,पासपोर्ट,पारपत्रम्
Plough,हल,शेतीचे हल,हलम्
Swing,झूला,झूला,दोला
Sports Ground,खेल का मैदान,क्रीडा मैदान,क्रीडाक्षेत्रम्
Seashore,समुद्र तट,सागर किनारा,समुद्रतट:
Sound Boxes,साउंड बॉक्स,ध्वनी पेटिका,ध्वनि-पेटिकाः
Sailor,मल्लाह,नाविक,नाविकः
Sanctuary,अभयारण्य,संकुल,अभयारण्यम्
Satellite,उपग्रह,सॅटेलाइट,उपग्रह:
Scale,तराजू,तोल,मापिका
Scarf,स्कार्फ,मफलर,सिचयः
Ship,जहाज,जहाज,वारिरथ:
Scanner,स्कैनर,स्कॅनर,पत्रबिम्बकम्
School,स्कूल,शाळा,विद्यालय:
Stamp,डाक टिकट,टिकट,मुद्रिका
Stage,मंच,मंच,मञ्चः
Sunrise,सूर्योदय,सूर्योदय,सूर्योदयः
Sunset,सूर्यास्त,सूर्यास्त,सूर्यास्त:
Spider,मकड़ी,कोळी,तन्तुनाभः
Scissors,कैंची,कात्री,कर्तरी
Salad,सलाद,सॅलड,शकलाद:
Saloon,सैलून,सैलून,सौन्दर्यप्रसाधनशाला/कल्पनी
Sari,साड़ी,साडी,शाटिका
Saucer,सॉसर,छोटा तशा,शराविका
Scooter,स्कूटर,स्कूटर,स्कूटरयानम्/विद्युतयांत्रिकद्विचक्रिका
Screen,स्क्रीन,स्क्रीन,पटलः
Seal,सील,सील,मुद्रा
Sesame,तिल,तीळ,तिल:
Shark,शार्क,साँड,ग्राह:
Soccer,सॉकर,सॉकर,पादकन्दुकक्रीडा
Surfing,सर्फिंग,सर्फिंग,सञ्चरणम्
Swimming,तैराकी,पाणीतरण,जलतरणक्रीडा
Swimming Tank,स्विमिंग पूल,तरण तलाव,तरण​-सरोवरः
Table,मेज़,टेबल,पीठिका/उत्पीठिका
Tortoise,कछुआ,कासव,कच्छपः
Transportation,परिवहन,वाहन,यातायातः
Ticket,टिकट,तिकीट,पत्रकम्
Travel Ticket,यात्रा टिकट,यात्रा तिकीट,यात्रापत्रकम्
Tourists,पर्यटक,पर्यटक,पर्यटका:
Tourist Place,पर्यटन स्थल,पर्यटन स्थळ,पर्यतनस्थलम्
Toll Plaza,टोल प्लाज़ा,टोल प्लाझा,मार्गशुल्क​-स्थानकम्
Table Tennis,टेबल टेनिस,टेबल टेनिस,पटललानम्
Tamarind,इमली,इमली,अम्लिका
Theatre,थिएटर,रंगमंच,रंगशाला
Tree,पेड़,झाड,वृक्ष:
Tape,टेप,टेप,दीर्घपट्टः
Tailor,दर्जी,शिंकर,सौचिकः
Tea,चाय,चहा,चाय:
Technician,तकनीशियन,तांत्रिक,तकनीकविद्
Telephone,टेलीफोन,दूरध्वनी,दूरवाणी
Table Cloth,टेबल कपड़ा,टेबल कापडा,पतलच्छद:
Tablet,गोलियां,टॅब्लेट,गुटिका
Telescope,दूरबीन,टेलिस्कोप,दूरेक्षः
Tent,तम्बू,तंबू,पटमण्डप:
Television,टेलीविजन,टीव्ही,दूरदर्शनम्
Tabla,तबला,तबला,ऊर्ध्वकः
Talcum Powder,टैल्क पाउडर,टॅलक पावडर,सुवासकम्
Teapot,चाय का बर्तन,चहाचा पात्र,चायपात्रम्
Tennis,टेनिस,टेनिस,लानम्
Taekwondo,ताइक्वांडो,ताइक्वोंडो,सुवासक
Tsunami,सुनामी,सुनामी,सुनामी
Umbrella,छाता,छत्री,आतपत्रम्
Uniform,वर्दी,युनिफॉर्म,गणवेशः
Unicycle,एक पहिया सायकल,एकचाकी सायकल,चक्रम्
University,विश्वविद्यालय,विद्यापीठ,विद्यालय:
User Interface,उपयोगकर्ता इंटरफेस,वापरकर्ता इंटरफेस,उपयोक्तृमाध्यमम्
Under-bridge,अधः पुल,पूलाखाली,अधःसेतुः
Umpire,अंपायर,अंपायर,निर्णायक:
Upstairs,ऊपर का तल,वरच्या मजल्यावर,उपरितनतल:
Universe,ब्रह्मांड,ब्रह्मांड,विश्वम्
Underground tank,भूतल टँक,भुजल टाकी,भूमिगतटंका
Underline,रेखांकित,रेखांकित,रेखांकितः
Van,वैन,व्हॅन,यानम्
Vase,फूलदान,फुलदाण,पुष्पपात्रम्
Vegetable,सब्ज़ी,भाजी,शाकम्
Velvet,मखमल,मखमल,मृदुकम्
Violin,वायलिन,वायोलिन,बाहुलीना
Vulture,गिद्ध,गिद्ध,गृध्रः
Vacation,छुट्टी,सुट्टी,प्रावकाशः/अवकाशः
Vaccum Cleaner,वैक्यूम क्लीनर,व्हॅक्यूम क्लिनर,निर्वातस्वच्छतायन्त्रम्​
Violet,वायलेट,वायलेट,नीललोहित
Venue,स्थान,स्थळ,स्थानम्
Video,वीडियो,व्हिडिओ,दृश्यप:
Vendor,विक्रेता,विक्रेता,विक्रेता
Veterinary Doctor,पशु चिकित्सक,पशु वैद्य,पशुचिकित्सकः
Virus,वायरस,व्हायरस,विषाणु:
Visa,वीज़ा,व्हिसा,विदेश​प्रवेशानुमति:
Vehicle,वाहन,वाहन,वाहनम्
Visitors,मेहमान,अतिथी,दर्शकाः
Voice mail,वॉइस मेल,व्हॉइस मेल,ध्वनिसन्देश:
Volunteer,स्वयंसेवक,स्वयंसेवक,स्वयंसेवकः
Volleyball,वॉलीबॉल,व्हॉलीबॉल,अपातकन्दुक:
Volcano,आग का पहाड़,ज्वालामुखी,ज्वालामुखी
Wardrobe,अलमारी,अलमारी,वस्त्रकोष्ठः
Warehouse,गोदाम,गोदाम,पण्यगृहम्
Waste Material,कचरा,कचरापदार्थ,अवकरः
Washing Machine,धोने की मशीन,वॉशिंग मशीन,क्षालनयन्त्रम्
Window,खिड़की,खिडकी,गवाक्षम्/वातायनम्
Well,कुआँ,वेल,कूप:
Worm,कृमि,किंडू,कृमि:
Watch,घड़ी,घड्याळ,हस्तघटी
Wash Basin,धोने का बर्तन,हातधोण्याचे वासिन,क्षालनकुण्डम्
Watermelon,तरबूज,कलिंग,कालिन्दकम्/कालिङग्म्​
Web,जाल,जाळे,जालम्
Wafer,वाफ़र,वाफर,तनुवृत्तकम्
Waiter,वेटर,वेटर,परिवेषक:
Walnut,अखरोट,अक्रोड,अक्षोट:
Whale,व्हेल,वाळी,तिमि:
Wrapping paper,रैपिंग पेपर,कागद,आच्छादनपत्रम्
Workshop,कार्यशाला,कार्यशाळा,कार्यशाला
Wrestler,कुश्ती खिलाड़ी,कुस्तीपटू,मल्ल:
Wrist,कलाई,मनिबंध,मणिबन्ध:
Weight throw,भार फेक,वजन फेक,भारक्षेपणम्
Weightlifting,भारोत्तोलन,वजन उचलणे,भारोतोलनम्
Xerox-Copy,ज़ेरॉक्स कॉपी,झेरॉक्स कॉपी,छायाकृति:
X-ray,एक्स-रे,एक्स-रे,क्ष-रश्मि:
Xylophone,जायलोफोन,जायलोफोन,काष्ठतरङ्गः
Yak,याक,याक,चमर:
Yeast,खमीर,खमीर,किण्व:
Yam,कंद,सोडा,रक्तालुकम्/मध्वालुकम्
Year Book,सालाना पुस्तक,वार्षिक पुस्तक,वर्षिकी
Yawning,जंब,आळस करणे,जृंभा
Yard,आँगन,आंगण,प्राङगणम्
Yellow,पीला,पिवळा,पीतवर्णः
Yell,चिल्लाना,आवाज करणे,चीत्कार:
Zebra,ज़ेब्रा,झेब्रा,वनगर्दभः
Zoology,सजीव विज्ञान,सजीवशास्त्र,प्राणिशास्त्रम्
Zoo,चिड़ियाघर,प्राणी संग्रहालय,प्राणि-उद्यानम्/जन्तुशाला
Zigzag,ज़िगज़ैग,झिगझॅग,वक्रः
Potato,आलू,बटाटे,आलुः/आलुकम्
Ginger,अदरक,आद्रक,आर्द्रकम्
Bitter Gourd,करेला,कारवेल,कारवेलम्
Cabbage,पत्ता गोभी,कोबी,गोजिहिका
Tomato,टमाटर,टोमॅटो,रक्ताग्ड​:
Onion,प्याज,कांदा,पलाण्डुः
Spinach,पालक,पालक,पालक्या
Carrot,गाजर,गाजर,गृञ्जनम्
Lady Finger,भिंडी,भेंडी,भिण्डकः
Eggplant,बैंगन,वांगी,वृन्ताकम्
Green Peas,हरी मटर,शिमला वाटाणे,कलायः
Raddish,मूली,मुळे,मूलकम्
Bottle Gourd,लौकी,दूधी,अलाबुः
Garlic,लहसुन,लसूण,लशुनः
Cucumber,खीरा,काकडी,त्रपुसम्
Pomegranate,अनार,डाळिंब,दाडिमम्
Mango,आम,आंबा,आम्रम्
Grapes,अंगूर,द्राक्षा,द्राक्षा
Banana,केला,केळी,कदलीफलम्
Musk Melon,खरबूजा,खरबूज,खर्बुजम्
Plum,अलूबुखारा,प्लम,जम्बुफलम्
Watermelon,तरबूज,कलिंग,कालिन्दम्
Coconut,नारियल,नारळ,नारिकेलम्
Custard Apple,सीताफल,सीताफळ,अमृतफलम्
Orange,संतरा,संत्रा,नारग्डम्
Apple,सेब,सफरचंद,सेवफलम्
Lichi,लीची,लीची,लीचिका
Guava,अमरूद,पेरू,आम्रलम्
Hair,बाल,केस,केशाः
Head,सिर,डोकं,शिरः
Forehead,माथा,कपाळ,ललाटम्
Eyebrow,भौं,कुंभक,भ्रूः
Eyes,आंख,डोळे,नेत्रम्/चक्षुः
Nose,नाक,नाक,नासिका
Lips,होंठ,ओठ,औष्ठौ
Neck,गर्दन,मान,ग्रीवा/कण्ठः
Chest,छाती,छाती,उरः/वक्षः
Stomach,पेट,पोट,उदरम्
Hand,हाथ,हात,करः/हस्तः
Leg,पैर,पाय,पादः
Knee,घुटना,सोन,जानुः
Thigh,जांघ,सोन,अङ᳭कः
Tongue,जीभ,जिभ,जिह्वा
Teeth,दांत,दात,दन्तः
Finger,उंगली,बोट,अग्डुलिः
Arm,बांह,हात,भुजः
Chin,ठोड़ी,थोड़ी,चिबुकम्
Back,पीठ,माग,पृष्ठम्
House,घर,घर,गृहम्
Door,दरवाजा,दालन,द᳭वारम्
Window,खिड़की,खिडकी,गवाक्षः
Cloth,कपड़ा,कपडा,वस्त्रम्
Fan,पंखा,पंखा,व्यजनम्
Bed,बिस्तर,आसन,पर्यङ᳭कः
Bedsheet,बेडशीट,बेडशीट,प्रच्छदपटः
Pillow,तकिया,उशी,उपधानम्
Blanket,कंबल,गाद,तूलम्
Stove,चूल्हा,चुल्ल,चुल्लिका
Spoon,चम्मच,स्पून,चमसः
Pot/Bowl,बर्तन,भांडे,कटाहः
Glass,गिलास,ग्लास,चषकः
Plate,प्लेट,प्लेट,स्थालिका
Roti,रोटी,पोळी,रोटिका
Pickle,अचार,आचार,अवलेहः
Cap,टोपी,टोपी,टोपिका
Roof,छत,छप्पर,छदिः
Curtain,पर्दा,परदा,यवनिका
Lock,ताला,लॉक,तालः
Watch,घड़ी,घड्याळ,घटिका
Bulb,बल्ब,बल्ब,विघुद᳭दीपः
Brush,ब्रश,ब्रश,दन्तधावनम्
Mirror,आईना,आरसा,दर्पणः
Soap,साबुन,साबण,फेनकम्
Salt,नमक,मीठ,लवणम्
Player,खिलाड़ी,खेळाडू,क्रीडकः
Curd,दही,दही,दधि:
Room,कमरा,खोली,कक्षः